ARM GAS  C:\Users\pablo\AppData\Local\Temp\cciILD4s.s 			page 1


   1              		.cpu cortex-m3
   2              		.arch armv7-m
   3              		.fpu softvfp
   4              		.eabi_attribute 20, 1
   5              		.eabi_attribute 21, 1
   6              		.eabi_attribute 23, 3
   7              		.eabi_attribute 24, 1
   8              		.eabi_attribute 25, 1
   9              		.eabi_attribute 26, 1
  10              		.eabi_attribute 30, 1
  11              		.eabi_attribute 34, 1
  12              		.eabi_attribute 18, 4
  13              		.file	"Init.c"
  14              		.text
  15              	.Ltext0:
  16              		.cfi_sections	.debug_frame
  17              		.file 1 "Core/Src/Init.c"
  18              		.section	.text.NVIC_EncodePriority,"ax",%progbits
  19              		.align	1
  20              		.syntax unified
  21              		.thumb
  22              		.thumb_func
  24              	NVIC_EncodePriority:
  25              	.LVL0:
  26              	.LFB55:
  27              		.file 2 "CMSIS/Include/core_cm3.h"
   1:CMSIS/Include/core_cm3.h **** /**************************************************************************//**
   2:CMSIS/Include/core_cm3.h ****  * @file     core_cm3.h
   3:CMSIS/Include/core_cm3.h ****  * @brief    CMSIS Cortex-M3 Core Peripheral Access Layer Header File
   4:CMSIS/Include/core_cm3.h ****  * @version  V5.0.8
   5:CMSIS/Include/core_cm3.h ****  * @date     04. June 2018
   6:CMSIS/Include/core_cm3.h ****  ******************************************************************************/
   7:CMSIS/Include/core_cm3.h **** /*
   8:CMSIS/Include/core_cm3.h ****  * Copyright (c) 2009-2018 Arm Limited. All rights reserved.
   9:CMSIS/Include/core_cm3.h ****  *
  10:CMSIS/Include/core_cm3.h ****  * SPDX-License-Identifier: Apache-2.0
  11:CMSIS/Include/core_cm3.h ****  *
  12:CMSIS/Include/core_cm3.h ****  * Licensed under the Apache License, Version 2.0 (the License); you may
  13:CMSIS/Include/core_cm3.h ****  * not use this file except in compliance with the License.
  14:CMSIS/Include/core_cm3.h ****  * You may obtain a copy of the License at
  15:CMSIS/Include/core_cm3.h ****  *
  16:CMSIS/Include/core_cm3.h ****  * www.apache.org/licenses/LICENSE-2.0
  17:CMSIS/Include/core_cm3.h ****  *
  18:CMSIS/Include/core_cm3.h ****  * Unless required by applicable law or agreed to in writing, software
  19:CMSIS/Include/core_cm3.h ****  * distributed under the License is distributed on an AS IS BASIS, WITHOUT
  20:CMSIS/Include/core_cm3.h ****  * WARRANTIES OR CONDITIONS OF ANY KIND, either express or implied.
  21:CMSIS/Include/core_cm3.h ****  * See the License for the specific language governing permissions and
  22:CMSIS/Include/core_cm3.h ****  * limitations under the License.
  23:CMSIS/Include/core_cm3.h ****  */
  24:CMSIS/Include/core_cm3.h **** 
  25:CMSIS/Include/core_cm3.h **** #if   defined ( __ICCARM__ )
  26:CMSIS/Include/core_cm3.h ****   #pragma system_include         /* treat file as system include file for MISRA check */
  27:CMSIS/Include/core_cm3.h **** #elif defined (__clang__)
  28:CMSIS/Include/core_cm3.h ****   #pragma clang system_header   /* treat file as system include file */
  29:CMSIS/Include/core_cm3.h **** #endif
  30:CMSIS/Include/core_cm3.h **** 
  31:CMSIS/Include/core_cm3.h **** #ifndef __CORE_CM3_H_GENERIC
ARM GAS  C:\Users\pablo\AppData\Local\Temp\cciILD4s.s 			page 2


  32:CMSIS/Include/core_cm3.h **** #define __CORE_CM3_H_GENERIC
  33:CMSIS/Include/core_cm3.h **** 
  34:CMSIS/Include/core_cm3.h **** #include <stdint.h>
  35:CMSIS/Include/core_cm3.h **** 
  36:CMSIS/Include/core_cm3.h **** #ifdef __cplusplus
  37:CMSIS/Include/core_cm3.h ****  extern "C" {
  38:CMSIS/Include/core_cm3.h **** #endif
  39:CMSIS/Include/core_cm3.h **** 
  40:CMSIS/Include/core_cm3.h **** /**
  41:CMSIS/Include/core_cm3.h ****   \page CMSIS_MISRA_Exceptions  MISRA-C:2004 Compliance Exceptions
  42:CMSIS/Include/core_cm3.h ****   CMSIS violates the following MISRA-C:2004 rules:
  43:CMSIS/Include/core_cm3.h **** 
  44:CMSIS/Include/core_cm3.h ****    \li Required Rule 8.5, object/function definition in header file.<br>
  45:CMSIS/Include/core_cm3.h ****      Function definitions in header files are used to allow 'inlining'.
  46:CMSIS/Include/core_cm3.h **** 
  47:CMSIS/Include/core_cm3.h ****    \li Required Rule 18.4, declaration of union type or object of union type: '{...}'.<br>
  48:CMSIS/Include/core_cm3.h ****      Unions are used for effective representation of core registers.
  49:CMSIS/Include/core_cm3.h **** 
  50:CMSIS/Include/core_cm3.h ****    \li Advisory Rule 19.7, Function-like macro defined.<br>
  51:CMSIS/Include/core_cm3.h ****      Function-like macros are used to allow more efficient code.
  52:CMSIS/Include/core_cm3.h ****  */
  53:CMSIS/Include/core_cm3.h **** 
  54:CMSIS/Include/core_cm3.h **** 
  55:CMSIS/Include/core_cm3.h **** /*******************************************************************************
  56:CMSIS/Include/core_cm3.h ****  *                 CMSIS definitions
  57:CMSIS/Include/core_cm3.h ****  ******************************************************************************/
  58:CMSIS/Include/core_cm3.h **** /**
  59:CMSIS/Include/core_cm3.h ****   \ingroup Cortex_M3
  60:CMSIS/Include/core_cm3.h ****   @{
  61:CMSIS/Include/core_cm3.h ****  */
  62:CMSIS/Include/core_cm3.h **** 
  63:CMSIS/Include/core_cm3.h **** #include "cmsis_version.h"
  64:CMSIS/Include/core_cm3.h **** 
  65:CMSIS/Include/core_cm3.h **** /*  CMSIS CM3 definitions */
  66:CMSIS/Include/core_cm3.h **** #define __CM3_CMSIS_VERSION_MAIN  (__CM_CMSIS_VERSION_MAIN)              /*!< \deprecated [31:16] C
  67:CMSIS/Include/core_cm3.h **** #define __CM3_CMSIS_VERSION_SUB   (__CM_CMSIS_VERSION_SUB)               /*!< \deprecated [15:0]  C
  68:CMSIS/Include/core_cm3.h **** #define __CM3_CMSIS_VERSION       ((__CM3_CMSIS_VERSION_MAIN << 16U) | \
  69:CMSIS/Include/core_cm3.h ****                                     __CM3_CMSIS_VERSION_SUB           )  /*!< \deprecated CMSIS HAL
  70:CMSIS/Include/core_cm3.h **** 
  71:CMSIS/Include/core_cm3.h **** #define __CORTEX_M                (3U)                                   /*!< Cortex-M Core */
  72:CMSIS/Include/core_cm3.h **** 
  73:CMSIS/Include/core_cm3.h **** /** __FPU_USED indicates whether an FPU is used or not.
  74:CMSIS/Include/core_cm3.h ****     This core does not support an FPU at all
  75:CMSIS/Include/core_cm3.h **** */
  76:CMSIS/Include/core_cm3.h **** #define __FPU_USED       0U
  77:CMSIS/Include/core_cm3.h **** 
  78:CMSIS/Include/core_cm3.h **** #if defined ( __CC_ARM )
  79:CMSIS/Include/core_cm3.h ****   #if defined __TARGET_FPU_VFP
  80:CMSIS/Include/core_cm3.h ****     #error "Compiler generates FPU instructions for a device without an FPU (check __FPU_PRESENT)"
  81:CMSIS/Include/core_cm3.h ****   #endif
  82:CMSIS/Include/core_cm3.h **** 
  83:CMSIS/Include/core_cm3.h **** #elif defined (__ARMCC_VERSION) && (__ARMCC_VERSION >= 6010050)
  84:CMSIS/Include/core_cm3.h ****   #if defined __ARM_PCS_VFP
  85:CMSIS/Include/core_cm3.h ****     #error "Compiler generates FPU instructions for a device without an FPU (check __FPU_PRESENT)"
  86:CMSIS/Include/core_cm3.h ****   #endif
  87:CMSIS/Include/core_cm3.h **** 
  88:CMSIS/Include/core_cm3.h **** #elif defined ( __GNUC__ )
ARM GAS  C:\Users\pablo\AppData\Local\Temp\cciILD4s.s 			page 3


  89:CMSIS/Include/core_cm3.h ****   #if defined (__VFP_FP__) && !defined(__SOFTFP__)
  90:CMSIS/Include/core_cm3.h ****     #error "Compiler generates FPU instructions for a device without an FPU (check __FPU_PRESENT)"
  91:CMSIS/Include/core_cm3.h ****   #endif
  92:CMSIS/Include/core_cm3.h **** 
  93:CMSIS/Include/core_cm3.h **** #elif defined ( __ICCARM__ )
  94:CMSIS/Include/core_cm3.h ****   #if defined __ARMVFP__
  95:CMSIS/Include/core_cm3.h ****     #error "Compiler generates FPU instructions for a device without an FPU (check __FPU_PRESENT)"
  96:CMSIS/Include/core_cm3.h ****   #endif
  97:CMSIS/Include/core_cm3.h **** 
  98:CMSIS/Include/core_cm3.h **** #elif defined ( __TI_ARM__ )
  99:CMSIS/Include/core_cm3.h ****   #if defined __TI_VFP_SUPPORT__
 100:CMSIS/Include/core_cm3.h ****     #error "Compiler generates FPU instructions for a device without an FPU (check __FPU_PRESENT)"
 101:CMSIS/Include/core_cm3.h ****   #endif
 102:CMSIS/Include/core_cm3.h **** 
 103:CMSIS/Include/core_cm3.h **** #elif defined ( __TASKING__ )
 104:CMSIS/Include/core_cm3.h ****   #if defined __FPU_VFP__
 105:CMSIS/Include/core_cm3.h ****     #error "Compiler generates FPU instructions for a device without an FPU (check __FPU_PRESENT)"
 106:CMSIS/Include/core_cm3.h ****   #endif
 107:CMSIS/Include/core_cm3.h **** 
 108:CMSIS/Include/core_cm3.h **** #elif defined ( __CSMC__ )
 109:CMSIS/Include/core_cm3.h ****   #if ( __CSMC__ & 0x400U)
 110:CMSIS/Include/core_cm3.h ****     #error "Compiler generates FPU instructions for a device without an FPU (check __FPU_PRESENT)"
 111:CMSIS/Include/core_cm3.h ****   #endif
 112:CMSIS/Include/core_cm3.h **** 
 113:CMSIS/Include/core_cm3.h **** #endif
 114:CMSIS/Include/core_cm3.h **** 
 115:CMSIS/Include/core_cm3.h **** #include "cmsis_compiler.h"               /* CMSIS compiler specific defines */
 116:CMSIS/Include/core_cm3.h **** 
 117:CMSIS/Include/core_cm3.h **** 
 118:CMSIS/Include/core_cm3.h **** #ifdef __cplusplus
 119:CMSIS/Include/core_cm3.h **** }
 120:CMSIS/Include/core_cm3.h **** #endif
 121:CMSIS/Include/core_cm3.h **** 
 122:CMSIS/Include/core_cm3.h **** #endif /* __CORE_CM3_H_GENERIC */
 123:CMSIS/Include/core_cm3.h **** 
 124:CMSIS/Include/core_cm3.h **** #ifndef __CMSIS_GENERIC
 125:CMSIS/Include/core_cm3.h **** 
 126:CMSIS/Include/core_cm3.h **** #ifndef __CORE_CM3_H_DEPENDANT
 127:CMSIS/Include/core_cm3.h **** #define __CORE_CM3_H_DEPENDANT
 128:CMSIS/Include/core_cm3.h **** 
 129:CMSIS/Include/core_cm3.h **** #ifdef __cplusplus
 130:CMSIS/Include/core_cm3.h ****  extern "C" {
 131:CMSIS/Include/core_cm3.h **** #endif
 132:CMSIS/Include/core_cm3.h **** 
 133:CMSIS/Include/core_cm3.h **** /* check device defines and use defaults */
 134:CMSIS/Include/core_cm3.h **** #if defined __CHECK_DEVICE_DEFINES
 135:CMSIS/Include/core_cm3.h ****   #ifndef __CM3_REV
 136:CMSIS/Include/core_cm3.h ****     #define __CM3_REV               0x0200U
 137:CMSIS/Include/core_cm3.h ****     #warning "__CM3_REV not defined in device header file; using default!"
 138:CMSIS/Include/core_cm3.h ****   #endif
 139:CMSIS/Include/core_cm3.h **** 
 140:CMSIS/Include/core_cm3.h ****   #ifndef __MPU_PRESENT
 141:CMSIS/Include/core_cm3.h ****     #define __MPU_PRESENT             0U
 142:CMSIS/Include/core_cm3.h ****     #warning "__MPU_PRESENT not defined in device header file; using default!"
 143:CMSIS/Include/core_cm3.h ****   #endif
 144:CMSIS/Include/core_cm3.h **** 
 145:CMSIS/Include/core_cm3.h ****   #ifndef __NVIC_PRIO_BITS
ARM GAS  C:\Users\pablo\AppData\Local\Temp\cciILD4s.s 			page 4


 146:CMSIS/Include/core_cm3.h ****     #define __NVIC_PRIO_BITS          3U
 147:CMSIS/Include/core_cm3.h ****     #warning "__NVIC_PRIO_BITS not defined in device header file; using default!"
 148:CMSIS/Include/core_cm3.h ****   #endif
 149:CMSIS/Include/core_cm3.h **** 
 150:CMSIS/Include/core_cm3.h ****   #ifndef __Vendor_SysTickConfig
 151:CMSIS/Include/core_cm3.h ****     #define __Vendor_SysTickConfig    0U
 152:CMSIS/Include/core_cm3.h ****     #warning "__Vendor_SysTickConfig not defined in device header file; using default!"
 153:CMSIS/Include/core_cm3.h ****   #endif
 154:CMSIS/Include/core_cm3.h **** #endif
 155:CMSIS/Include/core_cm3.h **** 
 156:CMSIS/Include/core_cm3.h **** /* IO definitions (access restrictions to peripheral registers) */
 157:CMSIS/Include/core_cm3.h **** /**
 158:CMSIS/Include/core_cm3.h ****     \defgroup CMSIS_glob_defs CMSIS Global Defines
 159:CMSIS/Include/core_cm3.h **** 
 160:CMSIS/Include/core_cm3.h ****     <strong>IO Type Qualifiers</strong> are used
 161:CMSIS/Include/core_cm3.h ****     \li to specify the access to peripheral variables.
 162:CMSIS/Include/core_cm3.h ****     \li for automatic generation of peripheral register debug information.
 163:CMSIS/Include/core_cm3.h **** */
 164:CMSIS/Include/core_cm3.h **** #ifdef __cplusplus
 165:CMSIS/Include/core_cm3.h ****   #define   __I     volatile             /*!< Defines 'read only' permissions */
 166:CMSIS/Include/core_cm3.h **** #else
 167:CMSIS/Include/core_cm3.h ****   #define   __I     volatile const       /*!< Defines 'read only' permissions */
 168:CMSIS/Include/core_cm3.h **** #endif
 169:CMSIS/Include/core_cm3.h **** #define     __O     volatile             /*!< Defines 'write only' permissions */
 170:CMSIS/Include/core_cm3.h **** #define     __IO    volatile             /*!< Defines 'read / write' permissions */
 171:CMSIS/Include/core_cm3.h **** 
 172:CMSIS/Include/core_cm3.h **** /* following defines should be used for structure members */
 173:CMSIS/Include/core_cm3.h **** #define     __IM     volatile const      /*! Defines 'read only' structure member permissions */
 174:CMSIS/Include/core_cm3.h **** #define     __OM     volatile            /*! Defines 'write only' structure member permissions */
 175:CMSIS/Include/core_cm3.h **** #define     __IOM    volatile            /*! Defines 'read / write' structure member permissions */
 176:CMSIS/Include/core_cm3.h **** 
 177:CMSIS/Include/core_cm3.h **** /*@} end of group Cortex_M3 */
 178:CMSIS/Include/core_cm3.h **** 
 179:CMSIS/Include/core_cm3.h **** 
 180:CMSIS/Include/core_cm3.h **** 
 181:CMSIS/Include/core_cm3.h **** /*******************************************************************************
 182:CMSIS/Include/core_cm3.h ****  *                 Register Abstraction
 183:CMSIS/Include/core_cm3.h ****   Core Register contain:
 184:CMSIS/Include/core_cm3.h ****   - Core Register
 185:CMSIS/Include/core_cm3.h ****   - Core NVIC Register
 186:CMSIS/Include/core_cm3.h ****   - Core SCB Register
 187:CMSIS/Include/core_cm3.h ****   - Core SysTick Register
 188:CMSIS/Include/core_cm3.h ****   - Core Debug Register
 189:CMSIS/Include/core_cm3.h ****   - Core MPU Register
 190:CMSIS/Include/core_cm3.h ****  ******************************************************************************/
 191:CMSIS/Include/core_cm3.h **** /**
 192:CMSIS/Include/core_cm3.h ****   \defgroup CMSIS_core_register Defines and Type Definitions
 193:CMSIS/Include/core_cm3.h ****   \brief Type definitions and defines for Cortex-M processor based devices.
 194:CMSIS/Include/core_cm3.h **** */
 195:CMSIS/Include/core_cm3.h **** 
 196:CMSIS/Include/core_cm3.h **** /**
 197:CMSIS/Include/core_cm3.h ****   \ingroup    CMSIS_core_register
 198:CMSIS/Include/core_cm3.h ****   \defgroup   CMSIS_CORE  Status and Control Registers
 199:CMSIS/Include/core_cm3.h ****   \brief      Core Register type definitions.
 200:CMSIS/Include/core_cm3.h ****   @{
 201:CMSIS/Include/core_cm3.h ****  */
 202:CMSIS/Include/core_cm3.h **** 
ARM GAS  C:\Users\pablo\AppData\Local\Temp\cciILD4s.s 			page 5


 203:CMSIS/Include/core_cm3.h **** /**
 204:CMSIS/Include/core_cm3.h ****   \brief  Union type to access the Application Program Status Register (APSR).
 205:CMSIS/Include/core_cm3.h ****  */
 206:CMSIS/Include/core_cm3.h **** typedef union
 207:CMSIS/Include/core_cm3.h **** {
 208:CMSIS/Include/core_cm3.h ****   struct
 209:CMSIS/Include/core_cm3.h ****   {
 210:CMSIS/Include/core_cm3.h ****     uint32_t _reserved0:27;              /*!< bit:  0..26  Reserved */
 211:CMSIS/Include/core_cm3.h ****     uint32_t Q:1;                        /*!< bit:     27  Saturation condition flag */
 212:CMSIS/Include/core_cm3.h ****     uint32_t V:1;                        /*!< bit:     28  Overflow condition code flag */
 213:CMSIS/Include/core_cm3.h ****     uint32_t C:1;                        /*!< bit:     29  Carry condition code flag */
 214:CMSIS/Include/core_cm3.h ****     uint32_t Z:1;                        /*!< bit:     30  Zero condition code flag */
 215:CMSIS/Include/core_cm3.h ****     uint32_t N:1;                        /*!< bit:     31  Negative condition code flag */
 216:CMSIS/Include/core_cm3.h ****   } b;                                   /*!< Structure used for bit  access */
 217:CMSIS/Include/core_cm3.h ****   uint32_t w;                            /*!< Type      used for word access */
 218:CMSIS/Include/core_cm3.h **** } APSR_Type;
 219:CMSIS/Include/core_cm3.h **** 
 220:CMSIS/Include/core_cm3.h **** /* APSR Register Definitions */
 221:CMSIS/Include/core_cm3.h **** #define APSR_N_Pos                         31U                                            /*!< APSR
 222:CMSIS/Include/core_cm3.h **** #define APSR_N_Msk                         (1UL << APSR_N_Pos)                            /*!< APSR
 223:CMSIS/Include/core_cm3.h **** 
 224:CMSIS/Include/core_cm3.h **** #define APSR_Z_Pos                         30U                                            /*!< APSR
 225:CMSIS/Include/core_cm3.h **** #define APSR_Z_Msk                         (1UL << APSR_Z_Pos)                            /*!< APSR
 226:CMSIS/Include/core_cm3.h **** 
 227:CMSIS/Include/core_cm3.h **** #define APSR_C_Pos                         29U                                            /*!< APSR
 228:CMSIS/Include/core_cm3.h **** #define APSR_C_Msk                         (1UL << APSR_C_Pos)                            /*!< APSR
 229:CMSIS/Include/core_cm3.h **** 
 230:CMSIS/Include/core_cm3.h **** #define APSR_V_Pos                         28U                                            /*!< APSR
 231:CMSIS/Include/core_cm3.h **** #define APSR_V_Msk                         (1UL << APSR_V_Pos)                            /*!< APSR
 232:CMSIS/Include/core_cm3.h **** 
 233:CMSIS/Include/core_cm3.h **** #define APSR_Q_Pos                         27U                                            /*!< APSR
 234:CMSIS/Include/core_cm3.h **** #define APSR_Q_Msk                         (1UL << APSR_Q_Pos)                            /*!< APSR
 235:CMSIS/Include/core_cm3.h **** 
 236:CMSIS/Include/core_cm3.h **** 
 237:CMSIS/Include/core_cm3.h **** /**
 238:CMSIS/Include/core_cm3.h ****   \brief  Union type to access the Interrupt Program Status Register (IPSR).
 239:CMSIS/Include/core_cm3.h ****  */
 240:CMSIS/Include/core_cm3.h **** typedef union
 241:CMSIS/Include/core_cm3.h **** {
 242:CMSIS/Include/core_cm3.h ****   struct
 243:CMSIS/Include/core_cm3.h ****   {
 244:CMSIS/Include/core_cm3.h ****     uint32_t ISR:9;                      /*!< bit:  0.. 8  Exception number */
 245:CMSIS/Include/core_cm3.h ****     uint32_t _reserved0:23;              /*!< bit:  9..31  Reserved */
 246:CMSIS/Include/core_cm3.h ****   } b;                                   /*!< Structure used for bit  access */
 247:CMSIS/Include/core_cm3.h ****   uint32_t w;                            /*!< Type      used for word access */
 248:CMSIS/Include/core_cm3.h **** } IPSR_Type;
 249:CMSIS/Include/core_cm3.h **** 
 250:CMSIS/Include/core_cm3.h **** /* IPSR Register Definitions */
 251:CMSIS/Include/core_cm3.h **** #define IPSR_ISR_Pos                        0U                                            /*!< IPSR
 252:CMSIS/Include/core_cm3.h **** #define IPSR_ISR_Msk                       (0x1FFUL /*<< IPSR_ISR_Pos*/)                  /*!< IPSR
 253:CMSIS/Include/core_cm3.h **** 
 254:CMSIS/Include/core_cm3.h **** 
 255:CMSIS/Include/core_cm3.h **** /**
 256:CMSIS/Include/core_cm3.h ****   \brief  Union type to access the Special-Purpose Program Status Registers (xPSR).
 257:CMSIS/Include/core_cm3.h ****  */
 258:CMSIS/Include/core_cm3.h **** typedef union
 259:CMSIS/Include/core_cm3.h **** {
ARM GAS  C:\Users\pablo\AppData\Local\Temp\cciILD4s.s 			page 6


 260:CMSIS/Include/core_cm3.h ****   struct
 261:CMSIS/Include/core_cm3.h ****   {
 262:CMSIS/Include/core_cm3.h ****     uint32_t ISR:9;                      /*!< bit:  0.. 8  Exception number */
 263:CMSIS/Include/core_cm3.h ****     uint32_t _reserved0:1;               /*!< bit:      9  Reserved */
 264:CMSIS/Include/core_cm3.h ****     uint32_t ICI_IT_1:6;                 /*!< bit: 10..15  ICI/IT part 1 */
 265:CMSIS/Include/core_cm3.h ****     uint32_t _reserved1:8;               /*!< bit: 16..23  Reserved */
 266:CMSIS/Include/core_cm3.h ****     uint32_t T:1;                        /*!< bit:     24  Thumb bit */
 267:CMSIS/Include/core_cm3.h ****     uint32_t ICI_IT_2:2;                 /*!< bit: 25..26  ICI/IT part 2 */
 268:CMSIS/Include/core_cm3.h ****     uint32_t Q:1;                        /*!< bit:     27  Saturation condition flag */
 269:CMSIS/Include/core_cm3.h ****     uint32_t V:1;                        /*!< bit:     28  Overflow condition code flag */
 270:CMSIS/Include/core_cm3.h ****     uint32_t C:1;                        /*!< bit:     29  Carry condition code flag */
 271:CMSIS/Include/core_cm3.h ****     uint32_t Z:1;                        /*!< bit:     30  Zero condition code flag */
 272:CMSIS/Include/core_cm3.h ****     uint32_t N:1;                        /*!< bit:     31  Negative condition code flag */
 273:CMSIS/Include/core_cm3.h ****   } b;                                   /*!< Structure used for bit  access */
 274:CMSIS/Include/core_cm3.h ****   uint32_t w;                            /*!< Type      used for word access */
 275:CMSIS/Include/core_cm3.h **** } xPSR_Type;
 276:CMSIS/Include/core_cm3.h **** 
 277:CMSIS/Include/core_cm3.h **** /* xPSR Register Definitions */
 278:CMSIS/Include/core_cm3.h **** #define xPSR_N_Pos                         31U                                            /*!< xPSR
 279:CMSIS/Include/core_cm3.h **** #define xPSR_N_Msk                         (1UL << xPSR_N_Pos)                            /*!< xPSR
 280:CMSIS/Include/core_cm3.h **** 
 281:CMSIS/Include/core_cm3.h **** #define xPSR_Z_Pos                         30U                                            /*!< xPSR
 282:CMSIS/Include/core_cm3.h **** #define xPSR_Z_Msk                         (1UL << xPSR_Z_Pos)                            /*!< xPSR
 283:CMSIS/Include/core_cm3.h **** 
 284:CMSIS/Include/core_cm3.h **** #define xPSR_C_Pos                         29U                                            /*!< xPSR
 285:CMSIS/Include/core_cm3.h **** #define xPSR_C_Msk                         (1UL << xPSR_C_Pos)                            /*!< xPSR
 286:CMSIS/Include/core_cm3.h **** 
 287:CMSIS/Include/core_cm3.h **** #define xPSR_V_Pos                         28U                                            /*!< xPSR
 288:CMSIS/Include/core_cm3.h **** #define xPSR_V_Msk                         (1UL << xPSR_V_Pos)                            /*!< xPSR
 289:CMSIS/Include/core_cm3.h **** 
 290:CMSIS/Include/core_cm3.h **** #define xPSR_Q_Pos                         27U                                            /*!< xPSR
 291:CMSIS/Include/core_cm3.h **** #define xPSR_Q_Msk                         (1UL << xPSR_Q_Pos)                            /*!< xPSR
 292:CMSIS/Include/core_cm3.h **** 
 293:CMSIS/Include/core_cm3.h **** #define xPSR_ICI_IT_2_Pos                  25U                                            /*!< xPSR
 294:CMSIS/Include/core_cm3.h **** #define xPSR_ICI_IT_2_Msk                  (3UL << xPSR_ICI_IT_2_Pos)                     /*!< xPSR
 295:CMSIS/Include/core_cm3.h **** 
 296:CMSIS/Include/core_cm3.h **** #define xPSR_T_Pos                         24U                                            /*!< xPSR
 297:CMSIS/Include/core_cm3.h **** #define xPSR_T_Msk                         (1UL << xPSR_T_Pos)                            /*!< xPSR
 298:CMSIS/Include/core_cm3.h **** 
 299:CMSIS/Include/core_cm3.h **** #define xPSR_ICI_IT_1_Pos                  10U                                            /*!< xPSR
 300:CMSIS/Include/core_cm3.h **** #define xPSR_ICI_IT_1_Msk                  (0x3FUL << xPSR_ICI_IT_1_Pos)                  /*!< xPSR
 301:CMSIS/Include/core_cm3.h **** 
 302:CMSIS/Include/core_cm3.h **** #define xPSR_ISR_Pos                        0U                                            /*!< xPSR
 303:CMSIS/Include/core_cm3.h **** #define xPSR_ISR_Msk                       (0x1FFUL /*<< xPSR_ISR_Pos*/)                  /*!< xPSR
 304:CMSIS/Include/core_cm3.h **** 
 305:CMSIS/Include/core_cm3.h **** 
 306:CMSIS/Include/core_cm3.h **** /**
 307:CMSIS/Include/core_cm3.h ****   \brief  Union type to access the Control Registers (CONTROL).
 308:CMSIS/Include/core_cm3.h ****  */
 309:CMSIS/Include/core_cm3.h **** typedef union
 310:CMSIS/Include/core_cm3.h **** {
 311:CMSIS/Include/core_cm3.h ****   struct
 312:CMSIS/Include/core_cm3.h ****   {
 313:CMSIS/Include/core_cm3.h ****     uint32_t nPRIV:1;                    /*!< bit:      0  Execution privilege in Thread mode */
 314:CMSIS/Include/core_cm3.h ****     uint32_t SPSEL:1;                    /*!< bit:      1  Stack to be used */
 315:CMSIS/Include/core_cm3.h ****     uint32_t _reserved1:30;              /*!< bit:  2..31  Reserved */
 316:CMSIS/Include/core_cm3.h ****   } b;                                   /*!< Structure used for bit  access */
ARM GAS  C:\Users\pablo\AppData\Local\Temp\cciILD4s.s 			page 7


 317:CMSIS/Include/core_cm3.h ****   uint32_t w;                            /*!< Type      used for word access */
 318:CMSIS/Include/core_cm3.h **** } CONTROL_Type;
 319:CMSIS/Include/core_cm3.h **** 
 320:CMSIS/Include/core_cm3.h **** /* CONTROL Register Definitions */
 321:CMSIS/Include/core_cm3.h **** #define CONTROL_SPSEL_Pos                   1U                                            /*!< CONT
 322:CMSIS/Include/core_cm3.h **** #define CONTROL_SPSEL_Msk                  (1UL << CONTROL_SPSEL_Pos)                     /*!< CONT
 323:CMSIS/Include/core_cm3.h **** 
 324:CMSIS/Include/core_cm3.h **** #define CONTROL_nPRIV_Pos                   0U                                            /*!< CONT
 325:CMSIS/Include/core_cm3.h **** #define CONTROL_nPRIV_Msk                  (1UL /*<< CONTROL_nPRIV_Pos*/)                 /*!< CONT
 326:CMSIS/Include/core_cm3.h **** 
 327:CMSIS/Include/core_cm3.h **** /*@} end of group CMSIS_CORE */
 328:CMSIS/Include/core_cm3.h **** 
 329:CMSIS/Include/core_cm3.h **** 
 330:CMSIS/Include/core_cm3.h **** /**
 331:CMSIS/Include/core_cm3.h ****   \ingroup    CMSIS_core_register
 332:CMSIS/Include/core_cm3.h ****   \defgroup   CMSIS_NVIC  Nested Vectored Interrupt Controller (NVIC)
 333:CMSIS/Include/core_cm3.h ****   \brief      Type definitions for the NVIC Registers
 334:CMSIS/Include/core_cm3.h ****   @{
 335:CMSIS/Include/core_cm3.h ****  */
 336:CMSIS/Include/core_cm3.h **** 
 337:CMSIS/Include/core_cm3.h **** /**
 338:CMSIS/Include/core_cm3.h ****   \brief  Structure type to access the Nested Vectored Interrupt Controller (NVIC).
 339:CMSIS/Include/core_cm3.h ****  */
 340:CMSIS/Include/core_cm3.h **** typedef struct
 341:CMSIS/Include/core_cm3.h **** {
 342:CMSIS/Include/core_cm3.h ****   __IOM uint32_t ISER[8U];               /*!< Offset: 0x000 (R/W)  Interrupt Set Enable Register */
 343:CMSIS/Include/core_cm3.h ****         uint32_t RESERVED0[24U];
 344:CMSIS/Include/core_cm3.h ****   __IOM uint32_t ICER[8U];               /*!< Offset: 0x080 (R/W)  Interrupt Clear Enable Register 
 345:CMSIS/Include/core_cm3.h ****         uint32_t RSERVED1[24U];
 346:CMSIS/Include/core_cm3.h ****   __IOM uint32_t ISPR[8U];               /*!< Offset: 0x100 (R/W)  Interrupt Set Pending Register *
 347:CMSIS/Include/core_cm3.h ****         uint32_t RESERVED2[24U];
 348:CMSIS/Include/core_cm3.h ****   __IOM uint32_t ICPR[8U];               /*!< Offset: 0x180 (R/W)  Interrupt Clear Pending Register
 349:CMSIS/Include/core_cm3.h ****         uint32_t RESERVED3[24U];
 350:CMSIS/Include/core_cm3.h ****   __IOM uint32_t IABR[8U];               /*!< Offset: 0x200 (R/W)  Interrupt Active bit Register */
 351:CMSIS/Include/core_cm3.h ****         uint32_t RESERVED4[56U];
 352:CMSIS/Include/core_cm3.h ****   __IOM uint8_t  IP[240U];               /*!< Offset: 0x300 (R/W)  Interrupt Priority Register (8Bi
 353:CMSIS/Include/core_cm3.h ****         uint32_t RESERVED5[644U];
 354:CMSIS/Include/core_cm3.h ****   __OM  uint32_t STIR;                   /*!< Offset: 0xE00 ( /W)  Software Trigger Interrupt Regis
 355:CMSIS/Include/core_cm3.h **** }  NVIC_Type;
 356:CMSIS/Include/core_cm3.h **** 
 357:CMSIS/Include/core_cm3.h **** /* Software Triggered Interrupt Register Definitions */
 358:CMSIS/Include/core_cm3.h **** #define NVIC_STIR_INTID_Pos                 0U                                         /*!< STIR: I
 359:CMSIS/Include/core_cm3.h **** #define NVIC_STIR_INTID_Msk                (0x1FFUL /*<< NVIC_STIR_INTID_Pos*/)        /*!< STIR: I
 360:CMSIS/Include/core_cm3.h **** 
 361:CMSIS/Include/core_cm3.h **** /*@} end of group CMSIS_NVIC */
 362:CMSIS/Include/core_cm3.h **** 
 363:CMSIS/Include/core_cm3.h **** 
 364:CMSIS/Include/core_cm3.h **** /**
 365:CMSIS/Include/core_cm3.h ****   \ingroup  CMSIS_core_register
 366:CMSIS/Include/core_cm3.h ****   \defgroup CMSIS_SCB     System Control Block (SCB)
 367:CMSIS/Include/core_cm3.h ****   \brief    Type definitions for the System Control Block Registers
 368:CMSIS/Include/core_cm3.h ****   @{
 369:CMSIS/Include/core_cm3.h ****  */
 370:CMSIS/Include/core_cm3.h **** 
 371:CMSIS/Include/core_cm3.h **** /**
 372:CMSIS/Include/core_cm3.h ****   \brief  Structure type to access the System Control Block (SCB).
 373:CMSIS/Include/core_cm3.h ****  */
ARM GAS  C:\Users\pablo\AppData\Local\Temp\cciILD4s.s 			page 8


 374:CMSIS/Include/core_cm3.h **** typedef struct
 375:CMSIS/Include/core_cm3.h **** {
 376:CMSIS/Include/core_cm3.h ****   __IM  uint32_t CPUID;                  /*!< Offset: 0x000 (R/ )  CPUID Base Register */
 377:CMSIS/Include/core_cm3.h ****   __IOM uint32_t ICSR;                   /*!< Offset: 0x004 (R/W)  Interrupt Control and State Regi
 378:CMSIS/Include/core_cm3.h ****   __IOM uint32_t VTOR;                   /*!< Offset: 0x008 (R/W)  Vector Table Offset Register */
 379:CMSIS/Include/core_cm3.h ****   __IOM uint32_t AIRCR;                  /*!< Offset: 0x00C (R/W)  Application Interrupt and Reset 
 380:CMSIS/Include/core_cm3.h ****   __IOM uint32_t SCR;                    /*!< Offset: 0x010 (R/W)  System Control Register */
 381:CMSIS/Include/core_cm3.h ****   __IOM uint32_t CCR;                    /*!< Offset: 0x014 (R/W)  Configuration Control Register *
 382:CMSIS/Include/core_cm3.h ****   __IOM uint8_t  SHP[12U];               /*!< Offset: 0x018 (R/W)  System Handlers Priority Registe
 383:CMSIS/Include/core_cm3.h ****   __IOM uint32_t SHCSR;                  /*!< Offset: 0x024 (R/W)  System Handler Control and State
 384:CMSIS/Include/core_cm3.h ****   __IOM uint32_t CFSR;                   /*!< Offset: 0x028 (R/W)  Configurable Fault Status Regist
 385:CMSIS/Include/core_cm3.h ****   __IOM uint32_t HFSR;                   /*!< Offset: 0x02C (R/W)  HardFault Status Register */
 386:CMSIS/Include/core_cm3.h ****   __IOM uint32_t DFSR;                   /*!< Offset: 0x030 (R/W)  Debug Fault Status Register */
 387:CMSIS/Include/core_cm3.h ****   __IOM uint32_t MMFAR;                  /*!< Offset: 0x034 (R/W)  MemManage Fault Address Register
 388:CMSIS/Include/core_cm3.h ****   __IOM uint32_t BFAR;                   /*!< Offset: 0x038 (R/W)  BusFault Address Register */
 389:CMSIS/Include/core_cm3.h ****   __IOM uint32_t AFSR;                   /*!< Offset: 0x03C (R/W)  Auxiliary Fault Status Register 
 390:CMSIS/Include/core_cm3.h ****   __IM  uint32_t PFR[2U];                /*!< Offset: 0x040 (R/ )  Processor Feature Register */
 391:CMSIS/Include/core_cm3.h ****   __IM  uint32_t DFR;                    /*!< Offset: 0x048 (R/ )  Debug Feature Register */
 392:CMSIS/Include/core_cm3.h ****   __IM  uint32_t ADR;                    /*!< Offset: 0x04C (R/ )  Auxiliary Feature Register */
 393:CMSIS/Include/core_cm3.h ****   __IM  uint32_t MMFR[4U];               /*!< Offset: 0x050 (R/ )  Memory Model Feature Register */
 394:CMSIS/Include/core_cm3.h ****   __IM  uint32_t ISAR[5U];               /*!< Offset: 0x060 (R/ )  Instruction Set Attributes Regis
 395:CMSIS/Include/core_cm3.h ****         uint32_t RESERVED0[5U];
 396:CMSIS/Include/core_cm3.h ****   __IOM uint32_t CPACR;                  /*!< Offset: 0x088 (R/W)  Coprocessor Access Control Regis
 397:CMSIS/Include/core_cm3.h **** } SCB_Type;
 398:CMSIS/Include/core_cm3.h **** 
 399:CMSIS/Include/core_cm3.h **** /* SCB CPUID Register Definitions */
 400:CMSIS/Include/core_cm3.h **** #define SCB_CPUID_IMPLEMENTER_Pos          24U                                            /*!< SCB 
 401:CMSIS/Include/core_cm3.h **** #define SCB_CPUID_IMPLEMENTER_Msk          (0xFFUL << SCB_CPUID_IMPLEMENTER_Pos)          /*!< SCB 
 402:CMSIS/Include/core_cm3.h **** 
 403:CMSIS/Include/core_cm3.h **** #define SCB_CPUID_VARIANT_Pos              20U                                            /*!< SCB 
 404:CMSIS/Include/core_cm3.h **** #define SCB_CPUID_VARIANT_Msk              (0xFUL << SCB_CPUID_VARIANT_Pos)               /*!< SCB 
 405:CMSIS/Include/core_cm3.h **** 
 406:CMSIS/Include/core_cm3.h **** #define SCB_CPUID_ARCHITECTURE_Pos         16U                                            /*!< SCB 
 407:CMSIS/Include/core_cm3.h **** #define SCB_CPUID_ARCHITECTURE_Msk         (0xFUL << SCB_CPUID_ARCHITECTURE_Pos)          /*!< SCB 
 408:CMSIS/Include/core_cm3.h **** 
 409:CMSIS/Include/core_cm3.h **** #define SCB_CPUID_PARTNO_Pos                4U                                            /*!< SCB 
 410:CMSIS/Include/core_cm3.h **** #define SCB_CPUID_PARTNO_Msk               (0xFFFUL << SCB_CPUID_PARTNO_Pos)              /*!< SCB 
 411:CMSIS/Include/core_cm3.h **** 
 412:CMSIS/Include/core_cm3.h **** #define SCB_CPUID_REVISION_Pos              0U                                            /*!< SCB 
 413:CMSIS/Include/core_cm3.h **** #define SCB_CPUID_REVISION_Msk             (0xFUL /*<< SCB_CPUID_REVISION_Pos*/)          /*!< SCB 
 414:CMSIS/Include/core_cm3.h **** 
 415:CMSIS/Include/core_cm3.h **** /* SCB Interrupt Control State Register Definitions */
 416:CMSIS/Include/core_cm3.h **** #define SCB_ICSR_NMIPENDSET_Pos            31U                                            /*!< SCB 
 417:CMSIS/Include/core_cm3.h **** #define SCB_ICSR_NMIPENDSET_Msk            (1UL << SCB_ICSR_NMIPENDSET_Pos)               /*!< SCB 
 418:CMSIS/Include/core_cm3.h **** 
 419:CMSIS/Include/core_cm3.h **** #define SCB_ICSR_PENDSVSET_Pos             28U                                            /*!< SCB 
 420:CMSIS/Include/core_cm3.h **** #define SCB_ICSR_PENDSVSET_Msk             (1UL << SCB_ICSR_PENDSVSET_Pos)                /*!< SCB 
 421:CMSIS/Include/core_cm3.h **** 
 422:CMSIS/Include/core_cm3.h **** #define SCB_ICSR_PENDSVCLR_Pos             27U                                            /*!< SCB 
 423:CMSIS/Include/core_cm3.h **** #define SCB_ICSR_PENDSVCLR_Msk             (1UL << SCB_ICSR_PENDSVCLR_Pos)                /*!< SCB 
 424:CMSIS/Include/core_cm3.h **** 
 425:CMSIS/Include/core_cm3.h **** #define SCB_ICSR_PENDSTSET_Pos             26U                                            /*!< SCB 
 426:CMSIS/Include/core_cm3.h **** #define SCB_ICSR_PENDSTSET_Msk             (1UL << SCB_ICSR_PENDSTSET_Pos)                /*!< SCB 
 427:CMSIS/Include/core_cm3.h **** 
 428:CMSIS/Include/core_cm3.h **** #define SCB_ICSR_PENDSTCLR_Pos             25U                                            /*!< SCB 
 429:CMSIS/Include/core_cm3.h **** #define SCB_ICSR_PENDSTCLR_Msk             (1UL << SCB_ICSR_PENDSTCLR_Pos)                /*!< SCB 
 430:CMSIS/Include/core_cm3.h **** 
ARM GAS  C:\Users\pablo\AppData\Local\Temp\cciILD4s.s 			page 9


 431:CMSIS/Include/core_cm3.h **** #define SCB_ICSR_ISRPREEMPT_Pos            23U                                            /*!< SCB 
 432:CMSIS/Include/core_cm3.h **** #define SCB_ICSR_ISRPREEMPT_Msk            (1UL << SCB_ICSR_ISRPREEMPT_Pos)               /*!< SCB 
 433:CMSIS/Include/core_cm3.h **** 
 434:CMSIS/Include/core_cm3.h **** #define SCB_ICSR_ISRPENDING_Pos            22U                                            /*!< SCB 
 435:CMSIS/Include/core_cm3.h **** #define SCB_ICSR_ISRPENDING_Msk            (1UL << SCB_ICSR_ISRPENDING_Pos)               /*!< SCB 
 436:CMSIS/Include/core_cm3.h **** 
 437:CMSIS/Include/core_cm3.h **** #define SCB_ICSR_VECTPENDING_Pos           12U                                            /*!< SCB 
 438:CMSIS/Include/core_cm3.h **** #define SCB_ICSR_VECTPENDING_Msk           (0x1FFUL << SCB_ICSR_VECTPENDING_Pos)          /*!< SCB 
 439:CMSIS/Include/core_cm3.h **** 
 440:CMSIS/Include/core_cm3.h **** #define SCB_ICSR_RETTOBASE_Pos             11U                                            /*!< SCB 
 441:CMSIS/Include/core_cm3.h **** #define SCB_ICSR_RETTOBASE_Msk             (1UL << SCB_ICSR_RETTOBASE_Pos)                /*!< SCB 
 442:CMSIS/Include/core_cm3.h **** 
 443:CMSIS/Include/core_cm3.h **** #define SCB_ICSR_VECTACTIVE_Pos             0U                                            /*!< SCB 
 444:CMSIS/Include/core_cm3.h **** #define SCB_ICSR_VECTACTIVE_Msk            (0x1FFUL /*<< SCB_ICSR_VECTACTIVE_Pos*/)       /*!< SCB 
 445:CMSIS/Include/core_cm3.h **** 
 446:CMSIS/Include/core_cm3.h **** /* SCB Vector Table Offset Register Definitions */
 447:CMSIS/Include/core_cm3.h **** #if defined (__CM3_REV) && (__CM3_REV < 0x0201U)                   /* core r2p1 */
 448:CMSIS/Include/core_cm3.h **** #define SCB_VTOR_TBLBASE_Pos               29U                                            /*!< SCB 
 449:CMSIS/Include/core_cm3.h **** #define SCB_VTOR_TBLBASE_Msk               (1UL << SCB_VTOR_TBLBASE_Pos)                  /*!< SCB 
 450:CMSIS/Include/core_cm3.h **** 
 451:CMSIS/Include/core_cm3.h **** #define SCB_VTOR_TBLOFF_Pos                 7U                                            /*!< SCB 
 452:CMSIS/Include/core_cm3.h **** #define SCB_VTOR_TBLOFF_Msk                (0x3FFFFFUL << SCB_VTOR_TBLOFF_Pos)            /*!< SCB 
 453:CMSIS/Include/core_cm3.h **** #else
 454:CMSIS/Include/core_cm3.h **** #define SCB_VTOR_TBLOFF_Pos                 7U                                            /*!< SCB 
 455:CMSIS/Include/core_cm3.h **** #define SCB_VTOR_TBLOFF_Msk                (0x1FFFFFFUL << SCB_VTOR_TBLOFF_Pos)           /*!< SCB 
 456:CMSIS/Include/core_cm3.h **** #endif
 457:CMSIS/Include/core_cm3.h **** 
 458:CMSIS/Include/core_cm3.h **** /* SCB Application Interrupt and Reset Control Register Definitions */
 459:CMSIS/Include/core_cm3.h **** #define SCB_AIRCR_VECTKEY_Pos              16U                                            /*!< SCB 
 460:CMSIS/Include/core_cm3.h **** #define SCB_AIRCR_VECTKEY_Msk              (0xFFFFUL << SCB_AIRCR_VECTKEY_Pos)            /*!< SCB 
 461:CMSIS/Include/core_cm3.h **** 
 462:CMSIS/Include/core_cm3.h **** #define SCB_AIRCR_VECTKEYSTAT_Pos          16U                                            /*!< SCB 
 463:CMSIS/Include/core_cm3.h **** #define SCB_AIRCR_VECTKEYSTAT_Msk          (0xFFFFUL << SCB_AIRCR_VECTKEYSTAT_Pos)        /*!< SCB 
 464:CMSIS/Include/core_cm3.h **** 
 465:CMSIS/Include/core_cm3.h **** #define SCB_AIRCR_ENDIANESS_Pos            15U                                            /*!< SCB 
 466:CMSIS/Include/core_cm3.h **** #define SCB_AIRCR_ENDIANESS_Msk            (1UL << SCB_AIRCR_ENDIANESS_Pos)               /*!< SCB 
 467:CMSIS/Include/core_cm3.h **** 
 468:CMSIS/Include/core_cm3.h **** #define SCB_AIRCR_PRIGROUP_Pos              8U                                            /*!< SCB 
 469:CMSIS/Include/core_cm3.h **** #define SCB_AIRCR_PRIGROUP_Msk             (7UL << SCB_AIRCR_PRIGROUP_Pos)                /*!< SCB 
 470:CMSIS/Include/core_cm3.h **** 
 471:CMSIS/Include/core_cm3.h **** #define SCB_AIRCR_SYSRESETREQ_Pos           2U                                            /*!< SCB 
 472:CMSIS/Include/core_cm3.h **** #define SCB_AIRCR_SYSRESETREQ_Msk          (1UL << SCB_AIRCR_SYSRESETREQ_Pos)             /*!< SCB 
 473:CMSIS/Include/core_cm3.h **** 
 474:CMSIS/Include/core_cm3.h **** #define SCB_AIRCR_VECTCLRACTIVE_Pos         1U                                            /*!< SCB 
 475:CMSIS/Include/core_cm3.h **** #define SCB_AIRCR_VECTCLRACTIVE_Msk        (1UL << SCB_AIRCR_VECTCLRACTIVE_Pos)           /*!< SCB 
 476:CMSIS/Include/core_cm3.h **** 
 477:CMSIS/Include/core_cm3.h **** #define SCB_AIRCR_VECTRESET_Pos             0U                                            /*!< SCB 
 478:CMSIS/Include/core_cm3.h **** #define SCB_AIRCR_VECTRESET_Msk            (1UL /*<< SCB_AIRCR_VECTRESET_Pos*/)           /*!< SCB 
 479:CMSIS/Include/core_cm3.h **** 
 480:CMSIS/Include/core_cm3.h **** /* SCB System Control Register Definitions */
 481:CMSIS/Include/core_cm3.h **** #define SCB_SCR_SEVONPEND_Pos               4U                                            /*!< SCB 
 482:CMSIS/Include/core_cm3.h **** #define SCB_SCR_SEVONPEND_Msk              (1UL << SCB_SCR_SEVONPEND_Pos)                 /*!< SCB 
 483:CMSIS/Include/core_cm3.h **** 
 484:CMSIS/Include/core_cm3.h **** #define SCB_SCR_SLEEPDEEP_Pos               2U                                            /*!< SCB 
 485:CMSIS/Include/core_cm3.h **** #define SCB_SCR_SLEEPDEEP_Msk              (1UL << SCB_SCR_SLEEPDEEP_Pos)                 /*!< SCB 
 486:CMSIS/Include/core_cm3.h **** 
 487:CMSIS/Include/core_cm3.h **** #define SCB_SCR_SLEEPONEXIT_Pos             1U                                            /*!< SCB 
ARM GAS  C:\Users\pablo\AppData\Local\Temp\cciILD4s.s 			page 10


 488:CMSIS/Include/core_cm3.h **** #define SCB_SCR_SLEEPONEXIT_Msk            (1UL << SCB_SCR_SLEEPONEXIT_Pos)               /*!< SCB 
 489:CMSIS/Include/core_cm3.h **** 
 490:CMSIS/Include/core_cm3.h **** /* SCB Configuration Control Register Definitions */
 491:CMSIS/Include/core_cm3.h **** #define SCB_CCR_STKALIGN_Pos                9U                                            /*!< SCB 
 492:CMSIS/Include/core_cm3.h **** #define SCB_CCR_STKALIGN_Msk               (1UL << SCB_CCR_STKALIGN_Pos)                  /*!< SCB 
 493:CMSIS/Include/core_cm3.h **** 
 494:CMSIS/Include/core_cm3.h **** #define SCB_CCR_BFHFNMIGN_Pos               8U                                            /*!< SCB 
 495:CMSIS/Include/core_cm3.h **** #define SCB_CCR_BFHFNMIGN_Msk              (1UL << SCB_CCR_BFHFNMIGN_Pos)                 /*!< SCB 
 496:CMSIS/Include/core_cm3.h **** 
 497:CMSIS/Include/core_cm3.h **** #define SCB_CCR_DIV_0_TRP_Pos               4U                                            /*!< SCB 
 498:CMSIS/Include/core_cm3.h **** #define SCB_CCR_DIV_0_TRP_Msk              (1UL << SCB_CCR_DIV_0_TRP_Pos)                 /*!< SCB 
 499:CMSIS/Include/core_cm3.h **** 
 500:CMSIS/Include/core_cm3.h **** #define SCB_CCR_UNALIGN_TRP_Pos             3U                                            /*!< SCB 
 501:CMSIS/Include/core_cm3.h **** #define SCB_CCR_UNALIGN_TRP_Msk            (1UL << SCB_CCR_UNALIGN_TRP_Pos)               /*!< SCB 
 502:CMSIS/Include/core_cm3.h **** 
 503:CMSIS/Include/core_cm3.h **** #define SCB_CCR_USERSETMPEND_Pos            1U                                            /*!< SCB 
 504:CMSIS/Include/core_cm3.h **** #define SCB_CCR_USERSETMPEND_Msk           (1UL << SCB_CCR_USERSETMPEND_Pos)              /*!< SCB 
 505:CMSIS/Include/core_cm3.h **** 
 506:CMSIS/Include/core_cm3.h **** #define SCB_CCR_NONBASETHRDENA_Pos          0U                                            /*!< SCB 
 507:CMSIS/Include/core_cm3.h **** #define SCB_CCR_NONBASETHRDENA_Msk         (1UL /*<< SCB_CCR_NONBASETHRDENA_Pos*/)        /*!< SCB 
 508:CMSIS/Include/core_cm3.h **** 
 509:CMSIS/Include/core_cm3.h **** /* SCB System Handler Control and State Register Definitions */
 510:CMSIS/Include/core_cm3.h **** #define SCB_SHCSR_USGFAULTENA_Pos          18U                                            /*!< SCB 
 511:CMSIS/Include/core_cm3.h **** #define SCB_SHCSR_USGFAULTENA_Msk          (1UL << SCB_SHCSR_USGFAULTENA_Pos)             /*!< SCB 
 512:CMSIS/Include/core_cm3.h **** 
 513:CMSIS/Include/core_cm3.h **** #define SCB_SHCSR_BUSFAULTENA_Pos          17U                                            /*!< SCB 
 514:CMSIS/Include/core_cm3.h **** #define SCB_SHCSR_BUSFAULTENA_Msk          (1UL << SCB_SHCSR_BUSFAULTENA_Pos)             /*!< SCB 
 515:CMSIS/Include/core_cm3.h **** 
 516:CMSIS/Include/core_cm3.h **** #define SCB_SHCSR_MEMFAULTENA_Pos          16U                                            /*!< SCB 
 517:CMSIS/Include/core_cm3.h **** #define SCB_SHCSR_MEMFAULTENA_Msk          (1UL << SCB_SHCSR_MEMFAULTENA_Pos)             /*!< SCB 
 518:CMSIS/Include/core_cm3.h **** 
 519:CMSIS/Include/core_cm3.h **** #define SCB_SHCSR_SVCALLPENDED_Pos         15U                                            /*!< SCB 
 520:CMSIS/Include/core_cm3.h **** #define SCB_SHCSR_SVCALLPENDED_Msk         (1UL << SCB_SHCSR_SVCALLPENDED_Pos)            /*!< SCB 
 521:CMSIS/Include/core_cm3.h **** 
 522:CMSIS/Include/core_cm3.h **** #define SCB_SHCSR_BUSFAULTPENDED_Pos       14U                                            /*!< SCB 
 523:CMSIS/Include/core_cm3.h **** #define SCB_SHCSR_BUSFAULTPENDED_Msk       (1UL << SCB_SHCSR_BUSFAULTPENDED_Pos)          /*!< SCB 
 524:CMSIS/Include/core_cm3.h **** 
 525:CMSIS/Include/core_cm3.h **** #define SCB_SHCSR_MEMFAULTPENDED_Pos       13U                                            /*!< SCB 
 526:CMSIS/Include/core_cm3.h **** #define SCB_SHCSR_MEMFAULTPENDED_Msk       (1UL << SCB_SHCSR_MEMFAULTPENDED_Pos)          /*!< SCB 
 527:CMSIS/Include/core_cm3.h **** 
 528:CMSIS/Include/core_cm3.h **** #define SCB_SHCSR_USGFAULTPENDED_Pos       12U                                            /*!< SCB 
 529:CMSIS/Include/core_cm3.h **** #define SCB_SHCSR_USGFAULTPENDED_Msk       (1UL << SCB_SHCSR_USGFAULTPENDED_Pos)          /*!< SCB 
 530:CMSIS/Include/core_cm3.h **** 
 531:CMSIS/Include/core_cm3.h **** #define SCB_SHCSR_SYSTICKACT_Pos           11U                                            /*!< SCB 
 532:CMSIS/Include/core_cm3.h **** #define SCB_SHCSR_SYSTICKACT_Msk           (1UL << SCB_SHCSR_SYSTICKACT_Pos)              /*!< SCB 
 533:CMSIS/Include/core_cm3.h **** 
 534:CMSIS/Include/core_cm3.h **** #define SCB_SHCSR_PENDSVACT_Pos            10U                                            /*!< SCB 
 535:CMSIS/Include/core_cm3.h **** #define SCB_SHCSR_PENDSVACT_Msk            (1UL << SCB_SHCSR_PENDSVACT_Pos)               /*!< SCB 
 536:CMSIS/Include/core_cm3.h **** 
 537:CMSIS/Include/core_cm3.h **** #define SCB_SHCSR_MONITORACT_Pos            8U                                            /*!< SCB 
 538:CMSIS/Include/core_cm3.h **** #define SCB_SHCSR_MONITORACT_Msk           (1UL << SCB_SHCSR_MONITORACT_Pos)              /*!< SCB 
 539:CMSIS/Include/core_cm3.h **** 
 540:CMSIS/Include/core_cm3.h **** #define SCB_SHCSR_SVCALLACT_Pos             7U                                            /*!< SCB 
 541:CMSIS/Include/core_cm3.h **** #define SCB_SHCSR_SVCALLACT_Msk            (1UL << SCB_SHCSR_SVCALLACT_Pos)               /*!< SCB 
 542:CMSIS/Include/core_cm3.h **** 
 543:CMSIS/Include/core_cm3.h **** #define SCB_SHCSR_USGFAULTACT_Pos           3U                                            /*!< SCB 
 544:CMSIS/Include/core_cm3.h **** #define SCB_SHCSR_USGFAULTACT_Msk          (1UL << SCB_SHCSR_USGFAULTACT_Pos)             /*!< SCB 
ARM GAS  C:\Users\pablo\AppData\Local\Temp\cciILD4s.s 			page 11


 545:CMSIS/Include/core_cm3.h **** 
 546:CMSIS/Include/core_cm3.h **** #define SCB_SHCSR_BUSFAULTACT_Pos           1U                                            /*!< SCB 
 547:CMSIS/Include/core_cm3.h **** #define SCB_SHCSR_BUSFAULTACT_Msk          (1UL << SCB_SHCSR_BUSFAULTACT_Pos)             /*!< SCB 
 548:CMSIS/Include/core_cm3.h **** 
 549:CMSIS/Include/core_cm3.h **** #define SCB_SHCSR_MEMFAULTACT_Pos           0U                                            /*!< SCB 
 550:CMSIS/Include/core_cm3.h **** #define SCB_SHCSR_MEMFAULTACT_Msk          (1UL /*<< SCB_SHCSR_MEMFAULTACT_Pos*/)         /*!< SCB 
 551:CMSIS/Include/core_cm3.h **** 
 552:CMSIS/Include/core_cm3.h **** /* SCB Configurable Fault Status Register Definitions */
 553:CMSIS/Include/core_cm3.h **** #define SCB_CFSR_USGFAULTSR_Pos            16U                                            /*!< SCB 
 554:CMSIS/Include/core_cm3.h **** #define SCB_CFSR_USGFAULTSR_Msk            (0xFFFFUL << SCB_CFSR_USGFAULTSR_Pos)          /*!< SCB 
 555:CMSIS/Include/core_cm3.h **** 
 556:CMSIS/Include/core_cm3.h **** #define SCB_CFSR_BUSFAULTSR_Pos             8U                                            /*!< SCB 
 557:CMSIS/Include/core_cm3.h **** #define SCB_CFSR_BUSFAULTSR_Msk            (0xFFUL << SCB_CFSR_BUSFAULTSR_Pos)            /*!< SCB 
 558:CMSIS/Include/core_cm3.h **** 
 559:CMSIS/Include/core_cm3.h **** #define SCB_CFSR_MEMFAULTSR_Pos             0U                                            /*!< SCB 
 560:CMSIS/Include/core_cm3.h **** #define SCB_CFSR_MEMFAULTSR_Msk            (0xFFUL /*<< SCB_CFSR_MEMFAULTSR_Pos*/)        /*!< SCB 
 561:CMSIS/Include/core_cm3.h **** 
 562:CMSIS/Include/core_cm3.h **** /* MemManage Fault Status Register (part of SCB Configurable Fault Status Register) */
 563:CMSIS/Include/core_cm3.h **** #define SCB_CFSR_MMARVALID_Pos             (SCB_SHCSR_MEMFAULTACT_Pos + 7U)               /*!< SCB 
 564:CMSIS/Include/core_cm3.h **** #define SCB_CFSR_MMARVALID_Msk             (1UL << SCB_CFSR_MMARVALID_Pos)                /*!< SCB 
 565:CMSIS/Include/core_cm3.h **** 
 566:CMSIS/Include/core_cm3.h **** #define SCB_CFSR_MSTKERR_Pos               (SCB_SHCSR_MEMFAULTACT_Pos + 4U)               /*!< SCB 
 567:CMSIS/Include/core_cm3.h **** #define SCB_CFSR_MSTKERR_Msk               (1UL << SCB_CFSR_MSTKERR_Pos)                  /*!< SCB 
 568:CMSIS/Include/core_cm3.h **** 
 569:CMSIS/Include/core_cm3.h **** #define SCB_CFSR_MUNSTKERR_Pos             (SCB_SHCSR_MEMFAULTACT_Pos + 3U)               /*!< SCB 
 570:CMSIS/Include/core_cm3.h **** #define SCB_CFSR_MUNSTKERR_Msk             (1UL << SCB_CFSR_MUNSTKERR_Pos)                /*!< SCB 
 571:CMSIS/Include/core_cm3.h **** 
 572:CMSIS/Include/core_cm3.h **** #define SCB_CFSR_DACCVIOL_Pos              (SCB_SHCSR_MEMFAULTACT_Pos + 1U)               /*!< SCB 
 573:CMSIS/Include/core_cm3.h **** #define SCB_CFSR_DACCVIOL_Msk              (1UL << SCB_CFSR_DACCVIOL_Pos)                 /*!< SCB 
 574:CMSIS/Include/core_cm3.h **** 
 575:CMSIS/Include/core_cm3.h **** #define SCB_CFSR_IACCVIOL_Pos              (SCB_SHCSR_MEMFAULTACT_Pos + 0U)               /*!< SCB 
 576:CMSIS/Include/core_cm3.h **** #define SCB_CFSR_IACCVIOL_Msk              (1UL /*<< SCB_CFSR_IACCVIOL_Pos*/)             /*!< SCB 
 577:CMSIS/Include/core_cm3.h **** 
 578:CMSIS/Include/core_cm3.h **** /* BusFault Status Register (part of SCB Configurable Fault Status Register) */
 579:CMSIS/Include/core_cm3.h **** #define SCB_CFSR_BFARVALID_Pos            (SCB_CFSR_BUSFAULTSR_Pos + 7U)                  /*!< SCB 
 580:CMSIS/Include/core_cm3.h **** #define SCB_CFSR_BFARVALID_Msk            (1UL << SCB_CFSR_BFARVALID_Pos)                 /*!< SCB 
 581:CMSIS/Include/core_cm3.h **** 
 582:CMSIS/Include/core_cm3.h **** #define SCB_CFSR_STKERR_Pos               (SCB_CFSR_BUSFAULTSR_Pos + 4U)                  /*!< SCB 
 583:CMSIS/Include/core_cm3.h **** #define SCB_CFSR_STKERR_Msk               (1UL << SCB_CFSR_STKERR_Pos)                    /*!< SCB 
 584:CMSIS/Include/core_cm3.h **** 
 585:CMSIS/Include/core_cm3.h **** #define SCB_CFSR_UNSTKERR_Pos             (SCB_CFSR_BUSFAULTSR_Pos + 3U)                  /*!< SCB 
 586:CMSIS/Include/core_cm3.h **** #define SCB_CFSR_UNSTKERR_Msk             (1UL << SCB_CFSR_UNSTKERR_Pos)                  /*!< SCB 
 587:CMSIS/Include/core_cm3.h **** 
 588:CMSIS/Include/core_cm3.h **** #define SCB_CFSR_IMPRECISERR_Pos          (SCB_CFSR_BUSFAULTSR_Pos + 2U)                  /*!< SCB 
 589:CMSIS/Include/core_cm3.h **** #define SCB_CFSR_IMPRECISERR_Msk          (1UL << SCB_CFSR_IMPRECISERR_Pos)               /*!< SCB 
 590:CMSIS/Include/core_cm3.h **** 
 591:CMSIS/Include/core_cm3.h **** #define SCB_CFSR_PRECISERR_Pos            (SCB_CFSR_BUSFAULTSR_Pos + 1U)                  /*!< SCB 
 592:CMSIS/Include/core_cm3.h **** #define SCB_CFSR_PRECISERR_Msk            (1UL << SCB_CFSR_PRECISERR_Pos)                 /*!< SCB 
 593:CMSIS/Include/core_cm3.h **** 
 594:CMSIS/Include/core_cm3.h **** #define SCB_CFSR_IBUSERR_Pos              (SCB_CFSR_BUSFAULTSR_Pos + 0U)                  /*!< SCB 
 595:CMSIS/Include/core_cm3.h **** #define SCB_CFSR_IBUSERR_Msk              (1UL << SCB_CFSR_IBUSERR_Pos)                   /*!< SCB 
 596:CMSIS/Include/core_cm3.h **** 
 597:CMSIS/Include/core_cm3.h **** /* UsageFault Status Register (part of SCB Configurable Fault Status Register) */
 598:CMSIS/Include/core_cm3.h **** #define SCB_CFSR_DIVBYZERO_Pos            (SCB_CFSR_USGFAULTSR_Pos + 9U)                  /*!< SCB 
 599:CMSIS/Include/core_cm3.h **** #define SCB_CFSR_DIVBYZERO_Msk            (1UL << SCB_CFSR_DIVBYZERO_Pos)                 /*!< SCB 
 600:CMSIS/Include/core_cm3.h **** 
 601:CMSIS/Include/core_cm3.h **** #define SCB_CFSR_UNALIGNED_Pos            (SCB_CFSR_USGFAULTSR_Pos + 8U)                  /*!< SCB 
ARM GAS  C:\Users\pablo\AppData\Local\Temp\cciILD4s.s 			page 12


 602:CMSIS/Include/core_cm3.h **** #define SCB_CFSR_UNALIGNED_Msk            (1UL << SCB_CFSR_UNALIGNED_Pos)                 /*!< SCB 
 603:CMSIS/Include/core_cm3.h **** 
 604:CMSIS/Include/core_cm3.h **** #define SCB_CFSR_NOCP_Pos                 (SCB_CFSR_USGFAULTSR_Pos + 3U)                  /*!< SCB 
 605:CMSIS/Include/core_cm3.h **** #define SCB_CFSR_NOCP_Msk                 (1UL << SCB_CFSR_NOCP_Pos)                      /*!< SCB 
 606:CMSIS/Include/core_cm3.h **** 
 607:CMSIS/Include/core_cm3.h **** #define SCB_CFSR_INVPC_Pos                (SCB_CFSR_USGFAULTSR_Pos + 2U)                  /*!< SCB 
 608:CMSIS/Include/core_cm3.h **** #define SCB_CFSR_INVPC_Msk                (1UL << SCB_CFSR_INVPC_Pos)                     /*!< SCB 
 609:CMSIS/Include/core_cm3.h **** 
 610:CMSIS/Include/core_cm3.h **** #define SCB_CFSR_INVSTATE_Pos             (SCB_CFSR_USGFAULTSR_Pos + 1U)                  /*!< SCB 
 611:CMSIS/Include/core_cm3.h **** #define SCB_CFSR_INVSTATE_Msk             (1UL << SCB_CFSR_INVSTATE_Pos)                  /*!< SCB 
 612:CMSIS/Include/core_cm3.h **** 
 613:CMSIS/Include/core_cm3.h **** #define SCB_CFSR_UNDEFINSTR_Pos           (SCB_CFSR_USGFAULTSR_Pos + 0U)                  /*!< SCB 
 614:CMSIS/Include/core_cm3.h **** #define SCB_CFSR_UNDEFINSTR_Msk           (1UL << SCB_CFSR_UNDEFINSTR_Pos)                /*!< SCB 
 615:CMSIS/Include/core_cm3.h **** 
 616:CMSIS/Include/core_cm3.h **** /* SCB Hard Fault Status Register Definitions */
 617:CMSIS/Include/core_cm3.h **** #define SCB_HFSR_DEBUGEVT_Pos              31U                                            /*!< SCB 
 618:CMSIS/Include/core_cm3.h **** #define SCB_HFSR_DEBUGEVT_Msk              (1UL << SCB_HFSR_DEBUGEVT_Pos)                 /*!< SCB 
 619:CMSIS/Include/core_cm3.h **** 
 620:CMSIS/Include/core_cm3.h **** #define SCB_HFSR_FORCED_Pos                30U                                            /*!< SCB 
 621:CMSIS/Include/core_cm3.h **** #define SCB_HFSR_FORCED_Msk                (1UL << SCB_HFSR_FORCED_Pos)                   /*!< SCB 
 622:CMSIS/Include/core_cm3.h **** 
 623:CMSIS/Include/core_cm3.h **** #define SCB_HFSR_VECTTBL_Pos                1U                                            /*!< SCB 
 624:CMSIS/Include/core_cm3.h **** #define SCB_HFSR_VECTTBL_Msk               (1UL << SCB_HFSR_VECTTBL_Pos)                  /*!< SCB 
 625:CMSIS/Include/core_cm3.h **** 
 626:CMSIS/Include/core_cm3.h **** /* SCB Debug Fault Status Register Definitions */
 627:CMSIS/Include/core_cm3.h **** #define SCB_DFSR_EXTERNAL_Pos               4U                                            /*!< SCB 
 628:CMSIS/Include/core_cm3.h **** #define SCB_DFSR_EXTERNAL_Msk              (1UL << SCB_DFSR_EXTERNAL_Pos)                 /*!< SCB 
 629:CMSIS/Include/core_cm3.h **** 
 630:CMSIS/Include/core_cm3.h **** #define SCB_DFSR_VCATCH_Pos                 3U                                            /*!< SCB 
 631:CMSIS/Include/core_cm3.h **** #define SCB_DFSR_VCATCH_Msk                (1UL << SCB_DFSR_VCATCH_Pos)                   /*!< SCB 
 632:CMSIS/Include/core_cm3.h **** 
 633:CMSIS/Include/core_cm3.h **** #define SCB_DFSR_DWTTRAP_Pos                2U                                            /*!< SCB 
 634:CMSIS/Include/core_cm3.h **** #define SCB_DFSR_DWTTRAP_Msk               (1UL << SCB_DFSR_DWTTRAP_Pos)                  /*!< SCB 
 635:CMSIS/Include/core_cm3.h **** 
 636:CMSIS/Include/core_cm3.h **** #define SCB_DFSR_BKPT_Pos                   1U                                            /*!< SCB 
 637:CMSIS/Include/core_cm3.h **** #define SCB_DFSR_BKPT_Msk                  (1UL << SCB_DFSR_BKPT_Pos)                     /*!< SCB 
 638:CMSIS/Include/core_cm3.h **** 
 639:CMSIS/Include/core_cm3.h **** #define SCB_DFSR_HALTED_Pos                 0U                                            /*!< SCB 
 640:CMSIS/Include/core_cm3.h **** #define SCB_DFSR_HALTED_Msk                (1UL /*<< SCB_DFSR_HALTED_Pos*/)               /*!< SCB 
 641:CMSIS/Include/core_cm3.h **** 
 642:CMSIS/Include/core_cm3.h **** /*@} end of group CMSIS_SCB */
 643:CMSIS/Include/core_cm3.h **** 
 644:CMSIS/Include/core_cm3.h **** 
 645:CMSIS/Include/core_cm3.h **** /**
 646:CMSIS/Include/core_cm3.h ****   \ingroup  CMSIS_core_register
 647:CMSIS/Include/core_cm3.h ****   \defgroup CMSIS_SCnSCB System Controls not in SCB (SCnSCB)
 648:CMSIS/Include/core_cm3.h ****   \brief    Type definitions for the System Control and ID Register not in the SCB
 649:CMSIS/Include/core_cm3.h ****   @{
 650:CMSIS/Include/core_cm3.h ****  */
 651:CMSIS/Include/core_cm3.h **** 
 652:CMSIS/Include/core_cm3.h **** /**
 653:CMSIS/Include/core_cm3.h ****   \brief  Structure type to access the System Control and ID Register not in the SCB.
 654:CMSIS/Include/core_cm3.h ****  */
 655:CMSIS/Include/core_cm3.h **** typedef struct
 656:CMSIS/Include/core_cm3.h **** {
 657:CMSIS/Include/core_cm3.h ****         uint32_t RESERVED0[1U];
 658:CMSIS/Include/core_cm3.h ****   __IM  uint32_t ICTR;                   /*!< Offset: 0x004 (R/ )  Interrupt Controller Type Regist
ARM GAS  C:\Users\pablo\AppData\Local\Temp\cciILD4s.s 			page 13


 659:CMSIS/Include/core_cm3.h **** #if defined (__CM3_REV) && (__CM3_REV >= 0x200U)
 660:CMSIS/Include/core_cm3.h ****   __IOM uint32_t ACTLR;                  /*!< Offset: 0x008 (R/W)  Auxiliary Control Register */
 661:CMSIS/Include/core_cm3.h **** #else
 662:CMSIS/Include/core_cm3.h ****         uint32_t RESERVED1[1U];
 663:CMSIS/Include/core_cm3.h **** #endif
 664:CMSIS/Include/core_cm3.h **** } SCnSCB_Type;
 665:CMSIS/Include/core_cm3.h **** 
 666:CMSIS/Include/core_cm3.h **** /* Interrupt Controller Type Register Definitions */
 667:CMSIS/Include/core_cm3.h **** #define SCnSCB_ICTR_INTLINESNUM_Pos         0U                                         /*!< ICTR: I
 668:CMSIS/Include/core_cm3.h **** #define SCnSCB_ICTR_INTLINESNUM_Msk        (0xFUL /*<< SCnSCB_ICTR_INTLINESNUM_Pos*/)  /*!< ICTR: I
 669:CMSIS/Include/core_cm3.h **** 
 670:CMSIS/Include/core_cm3.h **** /* Auxiliary Control Register Definitions */
 671:CMSIS/Include/core_cm3.h **** 
 672:CMSIS/Include/core_cm3.h **** #define SCnSCB_ACTLR_DISFOLD_Pos            2U                                         /*!< ACTLR: 
 673:CMSIS/Include/core_cm3.h **** #define SCnSCB_ACTLR_DISFOLD_Msk           (1UL << SCnSCB_ACTLR_DISFOLD_Pos)           /*!< ACTLR: 
 674:CMSIS/Include/core_cm3.h **** 
 675:CMSIS/Include/core_cm3.h **** #define SCnSCB_ACTLR_DISDEFWBUF_Pos         1U                                         /*!< ACTLR: 
 676:CMSIS/Include/core_cm3.h **** #define SCnSCB_ACTLR_DISDEFWBUF_Msk        (1UL << SCnSCB_ACTLR_DISDEFWBUF_Pos)        /*!< ACTLR: 
 677:CMSIS/Include/core_cm3.h **** 
 678:CMSIS/Include/core_cm3.h **** #define SCnSCB_ACTLR_DISMCYCINT_Pos         0U                                         /*!< ACTLR: 
 679:CMSIS/Include/core_cm3.h **** #define SCnSCB_ACTLR_DISMCYCINT_Msk        (1UL /*<< SCnSCB_ACTLR_DISMCYCINT_Pos*/)    /*!< ACTLR: 
 680:CMSIS/Include/core_cm3.h **** 
 681:CMSIS/Include/core_cm3.h **** /*@} end of group CMSIS_SCnotSCB */
 682:CMSIS/Include/core_cm3.h **** 
 683:CMSIS/Include/core_cm3.h **** 
 684:CMSIS/Include/core_cm3.h **** /**
 685:CMSIS/Include/core_cm3.h ****   \ingroup  CMSIS_core_register
 686:CMSIS/Include/core_cm3.h ****   \defgroup CMSIS_SysTick     System Tick Timer (SysTick)
 687:CMSIS/Include/core_cm3.h ****   \brief    Type definitions for the System Timer Registers.
 688:CMSIS/Include/core_cm3.h ****   @{
 689:CMSIS/Include/core_cm3.h ****  */
 690:CMSIS/Include/core_cm3.h **** 
 691:CMSIS/Include/core_cm3.h **** /**
 692:CMSIS/Include/core_cm3.h ****   \brief  Structure type to access the System Timer (SysTick).
 693:CMSIS/Include/core_cm3.h ****  */
 694:CMSIS/Include/core_cm3.h **** typedef struct
 695:CMSIS/Include/core_cm3.h **** {
 696:CMSIS/Include/core_cm3.h ****   __IOM uint32_t CTRL;                   /*!< Offset: 0x000 (R/W)  SysTick Control and Status Regis
 697:CMSIS/Include/core_cm3.h ****   __IOM uint32_t LOAD;                   /*!< Offset: 0x004 (R/W)  SysTick Reload Value Register */
 698:CMSIS/Include/core_cm3.h ****   __IOM uint32_t VAL;                    /*!< Offset: 0x008 (R/W)  SysTick Current Value Register *
 699:CMSIS/Include/core_cm3.h ****   __IM  uint32_t CALIB;                  /*!< Offset: 0x00C (R/ )  SysTick Calibration Register */
 700:CMSIS/Include/core_cm3.h **** } SysTick_Type;
 701:CMSIS/Include/core_cm3.h **** 
 702:CMSIS/Include/core_cm3.h **** /* SysTick Control / Status Register Definitions */
 703:CMSIS/Include/core_cm3.h **** #define SysTick_CTRL_COUNTFLAG_Pos         16U                                            /*!< SysT
 704:CMSIS/Include/core_cm3.h **** #define SysTick_CTRL_COUNTFLAG_Msk         (1UL << SysTick_CTRL_COUNTFLAG_Pos)            /*!< SysT
 705:CMSIS/Include/core_cm3.h **** 
 706:CMSIS/Include/core_cm3.h **** #define SysTick_CTRL_CLKSOURCE_Pos          2U                                            /*!< SysT
 707:CMSIS/Include/core_cm3.h **** #define SysTick_CTRL_CLKSOURCE_Msk         (1UL << SysTick_CTRL_CLKSOURCE_Pos)            /*!< SysT
 708:CMSIS/Include/core_cm3.h **** 
 709:CMSIS/Include/core_cm3.h **** #define SysTick_CTRL_TICKINT_Pos            1U                                            /*!< SysT
 710:CMSIS/Include/core_cm3.h **** #define SysTick_CTRL_TICKINT_Msk           (1UL << SysTick_CTRL_TICKINT_Pos)              /*!< SysT
 711:CMSIS/Include/core_cm3.h **** 
 712:CMSIS/Include/core_cm3.h **** #define SysTick_CTRL_ENABLE_Pos             0U                                            /*!< SysT
 713:CMSIS/Include/core_cm3.h **** #define SysTick_CTRL_ENABLE_Msk            (1UL /*<< SysTick_CTRL_ENABLE_Pos*/)           /*!< SysT
 714:CMSIS/Include/core_cm3.h **** 
 715:CMSIS/Include/core_cm3.h **** /* SysTick Reload Register Definitions */
ARM GAS  C:\Users\pablo\AppData\Local\Temp\cciILD4s.s 			page 14


 716:CMSIS/Include/core_cm3.h **** #define SysTick_LOAD_RELOAD_Pos             0U                                            /*!< SysT
 717:CMSIS/Include/core_cm3.h **** #define SysTick_LOAD_RELOAD_Msk            (0xFFFFFFUL /*<< SysTick_LOAD_RELOAD_Pos*/)    /*!< SysT
 718:CMSIS/Include/core_cm3.h **** 
 719:CMSIS/Include/core_cm3.h **** /* SysTick Current Register Definitions */
 720:CMSIS/Include/core_cm3.h **** #define SysTick_VAL_CURRENT_Pos             0U                                            /*!< SysT
 721:CMSIS/Include/core_cm3.h **** #define SysTick_VAL_CURRENT_Msk            (0xFFFFFFUL /*<< SysTick_VAL_CURRENT_Pos*/)    /*!< SysT
 722:CMSIS/Include/core_cm3.h **** 
 723:CMSIS/Include/core_cm3.h **** /* SysTick Calibration Register Definitions */
 724:CMSIS/Include/core_cm3.h **** #define SysTick_CALIB_NOREF_Pos            31U                                            /*!< SysT
 725:CMSIS/Include/core_cm3.h **** #define SysTick_CALIB_NOREF_Msk            (1UL << SysTick_CALIB_NOREF_Pos)               /*!< SysT
 726:CMSIS/Include/core_cm3.h **** 
 727:CMSIS/Include/core_cm3.h **** #define SysTick_CALIB_SKEW_Pos             30U                                            /*!< SysT
 728:CMSIS/Include/core_cm3.h **** #define SysTick_CALIB_SKEW_Msk             (1UL << SysTick_CALIB_SKEW_Pos)                /*!< SysT
 729:CMSIS/Include/core_cm3.h **** 
 730:CMSIS/Include/core_cm3.h **** #define SysTick_CALIB_TENMS_Pos             0U                                            /*!< SysT
 731:CMSIS/Include/core_cm3.h **** #define SysTick_CALIB_TENMS_Msk            (0xFFFFFFUL /*<< SysTick_CALIB_TENMS_Pos*/)    /*!< SysT
 732:CMSIS/Include/core_cm3.h **** 
 733:CMSIS/Include/core_cm3.h **** /*@} end of group CMSIS_SysTick */
 734:CMSIS/Include/core_cm3.h **** 
 735:CMSIS/Include/core_cm3.h **** 
 736:CMSIS/Include/core_cm3.h **** /**
 737:CMSIS/Include/core_cm3.h ****   \ingroup  CMSIS_core_register
 738:CMSIS/Include/core_cm3.h ****   \defgroup CMSIS_ITM     Instrumentation Trace Macrocell (ITM)
 739:CMSIS/Include/core_cm3.h ****   \brief    Type definitions for the Instrumentation Trace Macrocell (ITM)
 740:CMSIS/Include/core_cm3.h ****   @{
 741:CMSIS/Include/core_cm3.h ****  */
 742:CMSIS/Include/core_cm3.h **** 
 743:CMSIS/Include/core_cm3.h **** /**
 744:CMSIS/Include/core_cm3.h ****   \brief  Structure type to access the Instrumentation Trace Macrocell Register (ITM).
 745:CMSIS/Include/core_cm3.h ****  */
 746:CMSIS/Include/core_cm3.h **** typedef struct
 747:CMSIS/Include/core_cm3.h **** {
 748:CMSIS/Include/core_cm3.h ****   __OM  union
 749:CMSIS/Include/core_cm3.h ****   {
 750:CMSIS/Include/core_cm3.h ****     __OM  uint8_t    u8;                 /*!< Offset: 0x000 ( /W)  ITM Stimulus Port 8-bit */
 751:CMSIS/Include/core_cm3.h ****     __OM  uint16_t   u16;                /*!< Offset: 0x000 ( /W)  ITM Stimulus Port 16-bit */
 752:CMSIS/Include/core_cm3.h ****     __OM  uint32_t   u32;                /*!< Offset: 0x000 ( /W)  ITM Stimulus Port 32-bit */
 753:CMSIS/Include/core_cm3.h ****   }  PORT [32U];                         /*!< Offset: 0x000 ( /W)  ITM Stimulus Port Registers */
 754:CMSIS/Include/core_cm3.h ****         uint32_t RESERVED0[864U];
 755:CMSIS/Include/core_cm3.h ****   __IOM uint32_t TER;                    /*!< Offset: 0xE00 (R/W)  ITM Trace Enable Register */
 756:CMSIS/Include/core_cm3.h ****         uint32_t RESERVED1[15U];
 757:CMSIS/Include/core_cm3.h ****   __IOM uint32_t TPR;                    /*!< Offset: 0xE40 (R/W)  ITM Trace Privilege Register */
 758:CMSIS/Include/core_cm3.h ****         uint32_t RESERVED2[15U];
 759:CMSIS/Include/core_cm3.h ****   __IOM uint32_t TCR;                    /*!< Offset: 0xE80 (R/W)  ITM Trace Control Register */
 760:CMSIS/Include/core_cm3.h ****         uint32_t RESERVED3[29U];
 761:CMSIS/Include/core_cm3.h ****   __OM  uint32_t IWR;                    /*!< Offset: 0xEF8 ( /W)  ITM Integration Write Register *
 762:CMSIS/Include/core_cm3.h ****   __IM  uint32_t IRR;                    /*!< Offset: 0xEFC (R/ )  ITM Integration Read Register */
 763:CMSIS/Include/core_cm3.h ****   __IOM uint32_t IMCR;                   /*!< Offset: 0xF00 (R/W)  ITM Integration Mode Control Reg
 764:CMSIS/Include/core_cm3.h ****         uint32_t RESERVED4[43U];
 765:CMSIS/Include/core_cm3.h ****   __OM  uint32_t LAR;                    /*!< Offset: 0xFB0 ( /W)  ITM Lock Access Register */
 766:CMSIS/Include/core_cm3.h ****   __IM  uint32_t LSR;                    /*!< Offset: 0xFB4 (R/ )  ITM Lock Status Register */
 767:CMSIS/Include/core_cm3.h ****         uint32_t RESERVED5[6U];
 768:CMSIS/Include/core_cm3.h ****   __IM  uint32_t PID4;                   /*!< Offset: 0xFD0 (R/ )  ITM Peripheral Identification Re
 769:CMSIS/Include/core_cm3.h ****   __IM  uint32_t PID5;                   /*!< Offset: 0xFD4 (R/ )  ITM Peripheral Identification Re
 770:CMSIS/Include/core_cm3.h ****   __IM  uint32_t PID6;                   /*!< Offset: 0xFD8 (R/ )  ITM Peripheral Identification Re
 771:CMSIS/Include/core_cm3.h ****   __IM  uint32_t PID7;                   /*!< Offset: 0xFDC (R/ )  ITM Peripheral Identification Re
 772:CMSIS/Include/core_cm3.h ****   __IM  uint32_t PID0;                   /*!< Offset: 0xFE0 (R/ )  ITM Peripheral Identification Re
ARM GAS  C:\Users\pablo\AppData\Local\Temp\cciILD4s.s 			page 15


 773:CMSIS/Include/core_cm3.h ****   __IM  uint32_t PID1;                   /*!< Offset: 0xFE4 (R/ )  ITM Peripheral Identification Re
 774:CMSIS/Include/core_cm3.h ****   __IM  uint32_t PID2;                   /*!< Offset: 0xFE8 (R/ )  ITM Peripheral Identification Re
 775:CMSIS/Include/core_cm3.h ****   __IM  uint32_t PID3;                   /*!< Offset: 0xFEC (R/ )  ITM Peripheral Identification Re
 776:CMSIS/Include/core_cm3.h ****   __IM  uint32_t CID0;                   /*!< Offset: 0xFF0 (R/ )  ITM Component  Identification Re
 777:CMSIS/Include/core_cm3.h ****   __IM  uint32_t CID1;                   /*!< Offset: 0xFF4 (R/ )  ITM Component  Identification Re
 778:CMSIS/Include/core_cm3.h ****   __IM  uint32_t CID2;                   /*!< Offset: 0xFF8 (R/ )  ITM Component  Identification Re
 779:CMSIS/Include/core_cm3.h ****   __IM  uint32_t CID3;                   /*!< Offset: 0xFFC (R/ )  ITM Component  Identification Re
 780:CMSIS/Include/core_cm3.h **** } ITM_Type;
 781:CMSIS/Include/core_cm3.h **** 
 782:CMSIS/Include/core_cm3.h **** /* ITM Trace Privilege Register Definitions */
 783:CMSIS/Include/core_cm3.h **** #define ITM_TPR_PRIVMASK_Pos                0U                                            /*!< ITM 
 784:CMSIS/Include/core_cm3.h **** #define ITM_TPR_PRIVMASK_Msk               (0xFFFFFFFFUL /*<< ITM_TPR_PRIVMASK_Pos*/)     /*!< ITM 
 785:CMSIS/Include/core_cm3.h **** 
 786:CMSIS/Include/core_cm3.h **** /* ITM Trace Control Register Definitions */
 787:CMSIS/Include/core_cm3.h **** #define ITM_TCR_BUSY_Pos                   23U                                            /*!< ITM 
 788:CMSIS/Include/core_cm3.h **** #define ITM_TCR_BUSY_Msk                   (1UL << ITM_TCR_BUSY_Pos)                      /*!< ITM 
 789:CMSIS/Include/core_cm3.h **** 
 790:CMSIS/Include/core_cm3.h **** #define ITM_TCR_TraceBusID_Pos             16U                                            /*!< ITM 
 791:CMSIS/Include/core_cm3.h **** #define ITM_TCR_TraceBusID_Msk             (0x7FUL << ITM_TCR_TraceBusID_Pos)             /*!< ITM 
 792:CMSIS/Include/core_cm3.h **** 
 793:CMSIS/Include/core_cm3.h **** #define ITM_TCR_GTSFREQ_Pos                10U                                            /*!< ITM 
 794:CMSIS/Include/core_cm3.h **** #define ITM_TCR_GTSFREQ_Msk                (3UL << ITM_TCR_GTSFREQ_Pos)                   /*!< ITM 
 795:CMSIS/Include/core_cm3.h **** 
 796:CMSIS/Include/core_cm3.h **** #define ITM_TCR_TSPrescale_Pos              8U                                            /*!< ITM 
 797:CMSIS/Include/core_cm3.h **** #define ITM_TCR_TSPrescale_Msk             (3UL << ITM_TCR_TSPrescale_Pos)                /*!< ITM 
 798:CMSIS/Include/core_cm3.h **** 
 799:CMSIS/Include/core_cm3.h **** #define ITM_TCR_SWOENA_Pos                  4U                                            /*!< ITM 
 800:CMSIS/Include/core_cm3.h **** #define ITM_TCR_SWOENA_Msk                 (1UL << ITM_TCR_SWOENA_Pos)                    /*!< ITM 
 801:CMSIS/Include/core_cm3.h **** 
 802:CMSIS/Include/core_cm3.h **** #define ITM_TCR_DWTENA_Pos                  3U                                            /*!< ITM 
 803:CMSIS/Include/core_cm3.h **** #define ITM_TCR_DWTENA_Msk                 (1UL << ITM_TCR_DWTENA_Pos)                    /*!< ITM 
 804:CMSIS/Include/core_cm3.h **** 
 805:CMSIS/Include/core_cm3.h **** #define ITM_TCR_SYNCENA_Pos                 2U                                            /*!< ITM 
 806:CMSIS/Include/core_cm3.h **** #define ITM_TCR_SYNCENA_Msk                (1UL << ITM_TCR_SYNCENA_Pos)                   /*!< ITM 
 807:CMSIS/Include/core_cm3.h **** 
 808:CMSIS/Include/core_cm3.h **** #define ITM_TCR_TSENA_Pos                   1U                                            /*!< ITM 
 809:CMSIS/Include/core_cm3.h **** #define ITM_TCR_TSENA_Msk                  (1UL << ITM_TCR_TSENA_Pos)                     /*!< ITM 
 810:CMSIS/Include/core_cm3.h **** 
 811:CMSIS/Include/core_cm3.h **** #define ITM_TCR_ITMENA_Pos                  0U                                            /*!< ITM 
 812:CMSIS/Include/core_cm3.h **** #define ITM_TCR_ITMENA_Msk                 (1UL /*<< ITM_TCR_ITMENA_Pos*/)                /*!< ITM 
 813:CMSIS/Include/core_cm3.h **** 
 814:CMSIS/Include/core_cm3.h **** /* ITM Integration Write Register Definitions */
 815:CMSIS/Include/core_cm3.h **** #define ITM_IWR_ATVALIDM_Pos                0U                                            /*!< ITM 
 816:CMSIS/Include/core_cm3.h **** #define ITM_IWR_ATVALIDM_Msk               (1UL /*<< ITM_IWR_ATVALIDM_Pos*/)              /*!< ITM 
 817:CMSIS/Include/core_cm3.h **** 
 818:CMSIS/Include/core_cm3.h **** /* ITM Integration Read Register Definitions */
 819:CMSIS/Include/core_cm3.h **** #define ITM_IRR_ATREADYM_Pos                0U                                            /*!< ITM 
 820:CMSIS/Include/core_cm3.h **** #define ITM_IRR_ATREADYM_Msk               (1UL /*<< ITM_IRR_ATREADYM_Pos*/)              /*!< ITM 
 821:CMSIS/Include/core_cm3.h **** 
 822:CMSIS/Include/core_cm3.h **** /* ITM Integration Mode Control Register Definitions */
 823:CMSIS/Include/core_cm3.h **** #define ITM_IMCR_INTEGRATION_Pos            0U                                            /*!< ITM 
 824:CMSIS/Include/core_cm3.h **** #define ITM_IMCR_INTEGRATION_Msk           (1UL /*<< ITM_IMCR_INTEGRATION_Pos*/)          /*!< ITM 
 825:CMSIS/Include/core_cm3.h **** 
 826:CMSIS/Include/core_cm3.h **** /* ITM Lock Status Register Definitions */
 827:CMSIS/Include/core_cm3.h **** #define ITM_LSR_ByteAcc_Pos                 2U                                            /*!< ITM 
 828:CMSIS/Include/core_cm3.h **** #define ITM_LSR_ByteAcc_Msk                (1UL << ITM_LSR_ByteAcc_Pos)                   /*!< ITM 
 829:CMSIS/Include/core_cm3.h **** 
ARM GAS  C:\Users\pablo\AppData\Local\Temp\cciILD4s.s 			page 16


 830:CMSIS/Include/core_cm3.h **** #define ITM_LSR_Access_Pos                  1U                                            /*!< ITM 
 831:CMSIS/Include/core_cm3.h **** #define ITM_LSR_Access_Msk                 (1UL << ITM_LSR_Access_Pos)                    /*!< ITM 
 832:CMSIS/Include/core_cm3.h **** 
 833:CMSIS/Include/core_cm3.h **** #define ITM_LSR_Present_Pos                 0U                                            /*!< ITM 
 834:CMSIS/Include/core_cm3.h **** #define ITM_LSR_Present_Msk                (1UL /*<< ITM_LSR_Present_Pos*/)               /*!< ITM 
 835:CMSIS/Include/core_cm3.h **** 
 836:CMSIS/Include/core_cm3.h **** /*@}*/ /* end of group CMSIS_ITM */
 837:CMSIS/Include/core_cm3.h **** 
 838:CMSIS/Include/core_cm3.h **** 
 839:CMSIS/Include/core_cm3.h **** /**
 840:CMSIS/Include/core_cm3.h ****   \ingroup  CMSIS_core_register
 841:CMSIS/Include/core_cm3.h ****   \defgroup CMSIS_DWT     Data Watchpoint and Trace (DWT)
 842:CMSIS/Include/core_cm3.h ****   \brief    Type definitions for the Data Watchpoint and Trace (DWT)
 843:CMSIS/Include/core_cm3.h ****   @{
 844:CMSIS/Include/core_cm3.h ****  */
 845:CMSIS/Include/core_cm3.h **** 
 846:CMSIS/Include/core_cm3.h **** /**
 847:CMSIS/Include/core_cm3.h ****   \brief  Structure type to access the Data Watchpoint and Trace Register (DWT).
 848:CMSIS/Include/core_cm3.h ****  */
 849:CMSIS/Include/core_cm3.h **** typedef struct
 850:CMSIS/Include/core_cm3.h **** {
 851:CMSIS/Include/core_cm3.h ****   __IOM uint32_t CTRL;                   /*!< Offset: 0x000 (R/W)  Control Register */
 852:CMSIS/Include/core_cm3.h ****   __IOM uint32_t CYCCNT;                 /*!< Offset: 0x004 (R/W)  Cycle Count Register */
 853:CMSIS/Include/core_cm3.h ****   __IOM uint32_t CPICNT;                 /*!< Offset: 0x008 (R/W)  CPI Count Register */
 854:CMSIS/Include/core_cm3.h ****   __IOM uint32_t EXCCNT;                 /*!< Offset: 0x00C (R/W)  Exception Overhead Count Registe
 855:CMSIS/Include/core_cm3.h ****   __IOM uint32_t SLEEPCNT;               /*!< Offset: 0x010 (R/W)  Sleep Count Register */
 856:CMSIS/Include/core_cm3.h ****   __IOM uint32_t LSUCNT;                 /*!< Offset: 0x014 (R/W)  LSU Count Register */
 857:CMSIS/Include/core_cm3.h ****   __IOM uint32_t FOLDCNT;                /*!< Offset: 0x018 (R/W)  Folded-instruction Count Registe
 858:CMSIS/Include/core_cm3.h ****   __IM  uint32_t PCSR;                   /*!< Offset: 0x01C (R/ )  Program Counter Sample Register 
 859:CMSIS/Include/core_cm3.h ****   __IOM uint32_t COMP0;                  /*!< Offset: 0x020 (R/W)  Comparator Register 0 */
 860:CMSIS/Include/core_cm3.h ****   __IOM uint32_t MASK0;                  /*!< Offset: 0x024 (R/W)  Mask Register 0 */
 861:CMSIS/Include/core_cm3.h ****   __IOM uint32_t FUNCTION0;              /*!< Offset: 0x028 (R/W)  Function Register 0 */
 862:CMSIS/Include/core_cm3.h ****         uint32_t RESERVED0[1U];
 863:CMSIS/Include/core_cm3.h ****   __IOM uint32_t COMP1;                  /*!< Offset: 0x030 (R/W)  Comparator Register 1 */
 864:CMSIS/Include/core_cm3.h ****   __IOM uint32_t MASK1;                  /*!< Offset: 0x034 (R/W)  Mask Register 1 */
 865:CMSIS/Include/core_cm3.h ****   __IOM uint32_t FUNCTION1;              /*!< Offset: 0x038 (R/W)  Function Register 1 */
 866:CMSIS/Include/core_cm3.h ****         uint32_t RESERVED1[1U];
 867:CMSIS/Include/core_cm3.h ****   __IOM uint32_t COMP2;                  /*!< Offset: 0x040 (R/W)  Comparator Register 2 */
 868:CMSIS/Include/core_cm3.h ****   __IOM uint32_t MASK2;                  /*!< Offset: 0x044 (R/W)  Mask Register 2 */
 869:CMSIS/Include/core_cm3.h ****   __IOM uint32_t FUNCTION2;              /*!< Offset: 0x048 (R/W)  Function Register 2 */
 870:CMSIS/Include/core_cm3.h ****         uint32_t RESERVED2[1U];
 871:CMSIS/Include/core_cm3.h ****   __IOM uint32_t COMP3;                  /*!< Offset: 0x050 (R/W)  Comparator Register 3 */
 872:CMSIS/Include/core_cm3.h ****   __IOM uint32_t MASK3;                  /*!< Offset: 0x054 (R/W)  Mask Register 3 */
 873:CMSIS/Include/core_cm3.h ****   __IOM uint32_t FUNCTION3;              /*!< Offset: 0x058 (R/W)  Function Register 3 */
 874:CMSIS/Include/core_cm3.h **** } DWT_Type;
 875:CMSIS/Include/core_cm3.h **** 
 876:CMSIS/Include/core_cm3.h **** /* DWT Control Register Definitions */
 877:CMSIS/Include/core_cm3.h **** #define DWT_CTRL_NUMCOMP_Pos               28U                                         /*!< DWT CTR
 878:CMSIS/Include/core_cm3.h **** #define DWT_CTRL_NUMCOMP_Msk               (0xFUL << DWT_CTRL_NUMCOMP_Pos)             /*!< DWT CTR
 879:CMSIS/Include/core_cm3.h **** 
 880:CMSIS/Include/core_cm3.h **** #define DWT_CTRL_NOTRCPKT_Pos              27U                                         /*!< DWT CTR
 881:CMSIS/Include/core_cm3.h **** #define DWT_CTRL_NOTRCPKT_Msk              (0x1UL << DWT_CTRL_NOTRCPKT_Pos)            /*!< DWT CTR
 882:CMSIS/Include/core_cm3.h **** 
 883:CMSIS/Include/core_cm3.h **** #define DWT_CTRL_NOEXTTRIG_Pos             26U                                         /*!< DWT CTR
 884:CMSIS/Include/core_cm3.h **** #define DWT_CTRL_NOEXTTRIG_Msk             (0x1UL << DWT_CTRL_NOEXTTRIG_Pos)           /*!< DWT CTR
 885:CMSIS/Include/core_cm3.h **** 
 886:CMSIS/Include/core_cm3.h **** #define DWT_CTRL_NOCYCCNT_Pos              25U                                         /*!< DWT CTR
ARM GAS  C:\Users\pablo\AppData\Local\Temp\cciILD4s.s 			page 17


 887:CMSIS/Include/core_cm3.h **** #define DWT_CTRL_NOCYCCNT_Msk              (0x1UL << DWT_CTRL_NOCYCCNT_Pos)            /*!< DWT CTR
 888:CMSIS/Include/core_cm3.h **** 
 889:CMSIS/Include/core_cm3.h **** #define DWT_CTRL_NOPRFCNT_Pos              24U                                         /*!< DWT CTR
 890:CMSIS/Include/core_cm3.h **** #define DWT_CTRL_NOPRFCNT_Msk              (0x1UL << DWT_CTRL_NOPRFCNT_Pos)            /*!< DWT CTR
 891:CMSIS/Include/core_cm3.h **** 
 892:CMSIS/Include/core_cm3.h **** #define DWT_CTRL_CYCEVTENA_Pos             22U                                         /*!< DWT CTR
 893:CMSIS/Include/core_cm3.h **** #define DWT_CTRL_CYCEVTENA_Msk             (0x1UL << DWT_CTRL_CYCEVTENA_Pos)           /*!< DWT CTR
 894:CMSIS/Include/core_cm3.h **** 
 895:CMSIS/Include/core_cm3.h **** #define DWT_CTRL_FOLDEVTENA_Pos            21U                                         /*!< DWT CTR
 896:CMSIS/Include/core_cm3.h **** #define DWT_CTRL_FOLDEVTENA_Msk            (0x1UL << DWT_CTRL_FOLDEVTENA_Pos)          /*!< DWT CTR
 897:CMSIS/Include/core_cm3.h **** 
 898:CMSIS/Include/core_cm3.h **** #define DWT_CTRL_LSUEVTENA_Pos             20U                                         /*!< DWT CTR
 899:CMSIS/Include/core_cm3.h **** #define DWT_CTRL_LSUEVTENA_Msk             (0x1UL << DWT_CTRL_LSUEVTENA_Pos)           /*!< DWT CTR
 900:CMSIS/Include/core_cm3.h **** 
 901:CMSIS/Include/core_cm3.h **** #define DWT_CTRL_SLEEPEVTENA_Pos           19U                                         /*!< DWT CTR
 902:CMSIS/Include/core_cm3.h **** #define DWT_CTRL_SLEEPEVTENA_Msk           (0x1UL << DWT_CTRL_SLEEPEVTENA_Pos)         /*!< DWT CTR
 903:CMSIS/Include/core_cm3.h **** 
 904:CMSIS/Include/core_cm3.h **** #define DWT_CTRL_EXCEVTENA_Pos             18U                                         /*!< DWT CTR
 905:CMSIS/Include/core_cm3.h **** #define DWT_CTRL_EXCEVTENA_Msk             (0x1UL << DWT_CTRL_EXCEVTENA_Pos)           /*!< DWT CTR
 906:CMSIS/Include/core_cm3.h **** 
 907:CMSIS/Include/core_cm3.h **** #define DWT_CTRL_CPIEVTENA_Pos             17U                                         /*!< DWT CTR
 908:CMSIS/Include/core_cm3.h **** #define DWT_CTRL_CPIEVTENA_Msk             (0x1UL << DWT_CTRL_CPIEVTENA_Pos)           /*!< DWT CTR
 909:CMSIS/Include/core_cm3.h **** 
 910:CMSIS/Include/core_cm3.h **** #define DWT_CTRL_EXCTRCENA_Pos             16U                                         /*!< DWT CTR
 911:CMSIS/Include/core_cm3.h **** #define DWT_CTRL_EXCTRCENA_Msk             (0x1UL << DWT_CTRL_EXCTRCENA_Pos)           /*!< DWT CTR
 912:CMSIS/Include/core_cm3.h **** 
 913:CMSIS/Include/core_cm3.h **** #define DWT_CTRL_PCSAMPLENA_Pos            12U                                         /*!< DWT CTR
 914:CMSIS/Include/core_cm3.h **** #define DWT_CTRL_PCSAMPLENA_Msk            (0x1UL << DWT_CTRL_PCSAMPLENA_Pos)          /*!< DWT CTR
 915:CMSIS/Include/core_cm3.h **** 
 916:CMSIS/Include/core_cm3.h **** #define DWT_CTRL_SYNCTAP_Pos               10U                                         /*!< DWT CTR
 917:CMSIS/Include/core_cm3.h **** #define DWT_CTRL_SYNCTAP_Msk               (0x3UL << DWT_CTRL_SYNCTAP_Pos)             /*!< DWT CTR
 918:CMSIS/Include/core_cm3.h **** 
 919:CMSIS/Include/core_cm3.h **** #define DWT_CTRL_CYCTAP_Pos                 9U                                         /*!< DWT CTR
 920:CMSIS/Include/core_cm3.h **** #define DWT_CTRL_CYCTAP_Msk                (0x1UL << DWT_CTRL_CYCTAP_Pos)              /*!< DWT CTR
 921:CMSIS/Include/core_cm3.h **** 
 922:CMSIS/Include/core_cm3.h **** #define DWT_CTRL_POSTINIT_Pos               5U                                         /*!< DWT CTR
 923:CMSIS/Include/core_cm3.h **** #define DWT_CTRL_POSTINIT_Msk              (0xFUL << DWT_CTRL_POSTINIT_Pos)            /*!< DWT CTR
 924:CMSIS/Include/core_cm3.h **** 
 925:CMSIS/Include/core_cm3.h **** #define DWT_CTRL_POSTPRESET_Pos             1U                                         /*!< DWT CTR
 926:CMSIS/Include/core_cm3.h **** #define DWT_CTRL_POSTPRESET_Msk            (0xFUL << DWT_CTRL_POSTPRESET_Pos)          /*!< DWT CTR
 927:CMSIS/Include/core_cm3.h **** 
 928:CMSIS/Include/core_cm3.h **** #define DWT_CTRL_CYCCNTENA_Pos              0U                                         /*!< DWT CTR
 929:CMSIS/Include/core_cm3.h **** #define DWT_CTRL_CYCCNTENA_Msk             (0x1UL /*<< DWT_CTRL_CYCCNTENA_Pos*/)       /*!< DWT CTR
 930:CMSIS/Include/core_cm3.h **** 
 931:CMSIS/Include/core_cm3.h **** /* DWT CPI Count Register Definitions */
 932:CMSIS/Include/core_cm3.h **** #define DWT_CPICNT_CPICNT_Pos               0U                                         /*!< DWT CPI
 933:CMSIS/Include/core_cm3.h **** #define DWT_CPICNT_CPICNT_Msk              (0xFFUL /*<< DWT_CPICNT_CPICNT_Pos*/)       /*!< DWT CPI
 934:CMSIS/Include/core_cm3.h **** 
 935:CMSIS/Include/core_cm3.h **** /* DWT Exception Overhead Count Register Definitions */
 936:CMSIS/Include/core_cm3.h **** #define DWT_EXCCNT_EXCCNT_Pos               0U                                         /*!< DWT EXC
 937:CMSIS/Include/core_cm3.h **** #define DWT_EXCCNT_EXCCNT_Msk              (0xFFUL /*<< DWT_EXCCNT_EXCCNT_Pos*/)       /*!< DWT EXC
 938:CMSIS/Include/core_cm3.h **** 
 939:CMSIS/Include/core_cm3.h **** /* DWT Sleep Count Register Definitions */
 940:CMSIS/Include/core_cm3.h **** #define DWT_SLEEPCNT_SLEEPCNT_Pos           0U                                         /*!< DWT SLE
 941:CMSIS/Include/core_cm3.h **** #define DWT_SLEEPCNT_SLEEPCNT_Msk          (0xFFUL /*<< DWT_SLEEPCNT_SLEEPCNT_Pos*/)   /*!< DWT SLE
 942:CMSIS/Include/core_cm3.h **** 
 943:CMSIS/Include/core_cm3.h **** /* DWT LSU Count Register Definitions */
ARM GAS  C:\Users\pablo\AppData\Local\Temp\cciILD4s.s 			page 18


 944:CMSIS/Include/core_cm3.h **** #define DWT_LSUCNT_LSUCNT_Pos               0U                                         /*!< DWT LSU
 945:CMSIS/Include/core_cm3.h **** #define DWT_LSUCNT_LSUCNT_Msk              (0xFFUL /*<< DWT_LSUCNT_LSUCNT_Pos*/)       /*!< DWT LSU
 946:CMSIS/Include/core_cm3.h **** 
 947:CMSIS/Include/core_cm3.h **** /* DWT Folded-instruction Count Register Definitions */
 948:CMSIS/Include/core_cm3.h **** #define DWT_FOLDCNT_FOLDCNT_Pos             0U                                         /*!< DWT FOL
 949:CMSIS/Include/core_cm3.h **** #define DWT_FOLDCNT_FOLDCNT_Msk            (0xFFUL /*<< DWT_FOLDCNT_FOLDCNT_Pos*/)     /*!< DWT FOL
 950:CMSIS/Include/core_cm3.h **** 
 951:CMSIS/Include/core_cm3.h **** /* DWT Comparator Mask Register Definitions */
 952:CMSIS/Include/core_cm3.h **** #define DWT_MASK_MASK_Pos                   0U                                         /*!< DWT MAS
 953:CMSIS/Include/core_cm3.h **** #define DWT_MASK_MASK_Msk                  (0x1FUL /*<< DWT_MASK_MASK_Pos*/)           /*!< DWT MAS
 954:CMSIS/Include/core_cm3.h **** 
 955:CMSIS/Include/core_cm3.h **** /* DWT Comparator Function Register Definitions */
 956:CMSIS/Include/core_cm3.h **** #define DWT_FUNCTION_MATCHED_Pos           24U                                         /*!< DWT FUN
 957:CMSIS/Include/core_cm3.h **** #define DWT_FUNCTION_MATCHED_Msk           (0x1UL << DWT_FUNCTION_MATCHED_Pos)         /*!< DWT FUN
 958:CMSIS/Include/core_cm3.h **** 
 959:CMSIS/Include/core_cm3.h **** #define DWT_FUNCTION_DATAVADDR1_Pos        16U                                         /*!< DWT FUN
 960:CMSIS/Include/core_cm3.h **** #define DWT_FUNCTION_DATAVADDR1_Msk        (0xFUL << DWT_FUNCTION_DATAVADDR1_Pos)      /*!< DWT FUN
 961:CMSIS/Include/core_cm3.h **** 
 962:CMSIS/Include/core_cm3.h **** #define DWT_FUNCTION_DATAVADDR0_Pos        12U                                         /*!< DWT FUN
 963:CMSIS/Include/core_cm3.h **** #define DWT_FUNCTION_DATAVADDR0_Msk        (0xFUL << DWT_FUNCTION_DATAVADDR0_Pos)      /*!< DWT FUN
 964:CMSIS/Include/core_cm3.h **** 
 965:CMSIS/Include/core_cm3.h **** #define DWT_FUNCTION_DATAVSIZE_Pos         10U                                         /*!< DWT FUN
 966:CMSIS/Include/core_cm3.h **** #define DWT_FUNCTION_DATAVSIZE_Msk         (0x3UL << DWT_FUNCTION_DATAVSIZE_Pos)       /*!< DWT FUN
 967:CMSIS/Include/core_cm3.h **** 
 968:CMSIS/Include/core_cm3.h **** #define DWT_FUNCTION_LNK1ENA_Pos            9U                                         /*!< DWT FUN
 969:CMSIS/Include/core_cm3.h **** #define DWT_FUNCTION_LNK1ENA_Msk           (0x1UL << DWT_FUNCTION_LNK1ENA_Pos)         /*!< DWT FUN
 970:CMSIS/Include/core_cm3.h **** 
 971:CMSIS/Include/core_cm3.h **** #define DWT_FUNCTION_DATAVMATCH_Pos         8U                                         /*!< DWT FUN
 972:CMSIS/Include/core_cm3.h **** #define DWT_FUNCTION_DATAVMATCH_Msk        (0x1UL << DWT_FUNCTION_DATAVMATCH_Pos)      /*!< DWT FUN
 973:CMSIS/Include/core_cm3.h **** 
 974:CMSIS/Include/core_cm3.h **** #define DWT_FUNCTION_CYCMATCH_Pos           7U                                         /*!< DWT FUN
 975:CMSIS/Include/core_cm3.h **** #define DWT_FUNCTION_CYCMATCH_Msk          (0x1UL << DWT_FUNCTION_CYCMATCH_Pos)        /*!< DWT FUN
 976:CMSIS/Include/core_cm3.h **** 
 977:CMSIS/Include/core_cm3.h **** #define DWT_FUNCTION_EMITRANGE_Pos          5U                                         /*!< DWT FUN
 978:CMSIS/Include/core_cm3.h **** #define DWT_FUNCTION_EMITRANGE_Msk         (0x1UL << DWT_FUNCTION_EMITRANGE_Pos)       /*!< DWT FUN
 979:CMSIS/Include/core_cm3.h **** 
 980:CMSIS/Include/core_cm3.h **** #define DWT_FUNCTION_FUNCTION_Pos           0U                                         /*!< DWT FUN
 981:CMSIS/Include/core_cm3.h **** #define DWT_FUNCTION_FUNCTION_Msk          (0xFUL /*<< DWT_FUNCTION_FUNCTION_Pos*/)    /*!< DWT FUN
 982:CMSIS/Include/core_cm3.h **** 
 983:CMSIS/Include/core_cm3.h **** /*@}*/ /* end of group CMSIS_DWT */
 984:CMSIS/Include/core_cm3.h **** 
 985:CMSIS/Include/core_cm3.h **** 
 986:CMSIS/Include/core_cm3.h **** /**
 987:CMSIS/Include/core_cm3.h ****   \ingroup  CMSIS_core_register
 988:CMSIS/Include/core_cm3.h ****   \defgroup CMSIS_TPI     Trace Port Interface (TPI)
 989:CMSIS/Include/core_cm3.h ****   \brief    Type definitions for the Trace Port Interface (TPI)
 990:CMSIS/Include/core_cm3.h ****   @{
 991:CMSIS/Include/core_cm3.h ****  */
 992:CMSIS/Include/core_cm3.h **** 
 993:CMSIS/Include/core_cm3.h **** /**
 994:CMSIS/Include/core_cm3.h ****   \brief  Structure type to access the Trace Port Interface Register (TPI).
 995:CMSIS/Include/core_cm3.h ****  */
 996:CMSIS/Include/core_cm3.h **** typedef struct
 997:CMSIS/Include/core_cm3.h **** {
 998:CMSIS/Include/core_cm3.h ****   __IM  uint32_t SSPSR;                  /*!< Offset: 0x000 (R/ )  Supported Parallel Port Size Reg
 999:CMSIS/Include/core_cm3.h ****   __IOM uint32_t CSPSR;                  /*!< Offset: 0x004 (R/W)  Current Parallel Port Size Regis
1000:CMSIS/Include/core_cm3.h ****         uint32_t RESERVED0[2U];
ARM GAS  C:\Users\pablo\AppData\Local\Temp\cciILD4s.s 			page 19


1001:CMSIS/Include/core_cm3.h ****   __IOM uint32_t ACPR;                   /*!< Offset: 0x010 (R/W)  Asynchronous Clock Prescaler Reg
1002:CMSIS/Include/core_cm3.h ****         uint32_t RESERVED1[55U];
1003:CMSIS/Include/core_cm3.h ****   __IOM uint32_t SPPR;                   /*!< Offset: 0x0F0 (R/W)  Selected Pin Protocol Register *
1004:CMSIS/Include/core_cm3.h ****         uint32_t RESERVED2[131U];
1005:CMSIS/Include/core_cm3.h ****   __IM  uint32_t FFSR;                   /*!< Offset: 0x300 (R/ )  Formatter and Flush Status Regis
1006:CMSIS/Include/core_cm3.h ****   __IOM uint32_t FFCR;                   /*!< Offset: 0x304 (R/W)  Formatter and Flush Control Regi
1007:CMSIS/Include/core_cm3.h ****   __IM  uint32_t FSCR;                   /*!< Offset: 0x308 (R/ )  Formatter Synchronization Counte
1008:CMSIS/Include/core_cm3.h ****         uint32_t RESERVED3[759U];
1009:CMSIS/Include/core_cm3.h ****   __IM  uint32_t TRIGGER;                /*!< Offset: 0xEE8 (R/ )  TRIGGER Register */
1010:CMSIS/Include/core_cm3.h ****   __IM  uint32_t FIFO0;                  /*!< Offset: 0xEEC (R/ )  Integration ETM Data */
1011:CMSIS/Include/core_cm3.h ****   __IM  uint32_t ITATBCTR2;              /*!< Offset: 0xEF0 (R/ )  ITATBCTR2 */
1012:CMSIS/Include/core_cm3.h ****         uint32_t RESERVED4[1U];
1013:CMSIS/Include/core_cm3.h ****   __IM  uint32_t ITATBCTR0;              /*!< Offset: 0xEF8 (R/ )  ITATBCTR0 */
1014:CMSIS/Include/core_cm3.h ****   __IM  uint32_t FIFO1;                  /*!< Offset: 0xEFC (R/ )  Integration ITM Data */
1015:CMSIS/Include/core_cm3.h ****   __IOM uint32_t ITCTRL;                 /*!< Offset: 0xF00 (R/W)  Integration Mode Control */
1016:CMSIS/Include/core_cm3.h ****         uint32_t RESERVED5[39U];
1017:CMSIS/Include/core_cm3.h ****   __IOM uint32_t CLAIMSET;               /*!< Offset: 0xFA0 (R/W)  Claim tag set */
1018:CMSIS/Include/core_cm3.h ****   __IOM uint32_t CLAIMCLR;               /*!< Offset: 0xFA4 (R/W)  Claim tag clear */
1019:CMSIS/Include/core_cm3.h ****         uint32_t RESERVED7[8U];
1020:CMSIS/Include/core_cm3.h ****   __IM  uint32_t DEVID;                  /*!< Offset: 0xFC8 (R/ )  TPIU_DEVID */
1021:CMSIS/Include/core_cm3.h ****   __IM  uint32_t DEVTYPE;                /*!< Offset: 0xFCC (R/ )  TPIU_DEVTYPE */
1022:CMSIS/Include/core_cm3.h **** } TPI_Type;
1023:CMSIS/Include/core_cm3.h **** 
1024:CMSIS/Include/core_cm3.h **** /* TPI Asynchronous Clock Prescaler Register Definitions */
1025:CMSIS/Include/core_cm3.h **** #define TPI_ACPR_PRESCALER_Pos              0U                                         /*!< TPI ACP
1026:CMSIS/Include/core_cm3.h **** #define TPI_ACPR_PRESCALER_Msk             (0x1FFFUL /*<< TPI_ACPR_PRESCALER_Pos*/)    /*!< TPI ACP
1027:CMSIS/Include/core_cm3.h **** 
1028:CMSIS/Include/core_cm3.h **** /* TPI Selected Pin Protocol Register Definitions */
1029:CMSIS/Include/core_cm3.h **** #define TPI_SPPR_TXMODE_Pos                 0U                                         /*!< TPI SPP
1030:CMSIS/Include/core_cm3.h **** #define TPI_SPPR_TXMODE_Msk                (0x3UL /*<< TPI_SPPR_TXMODE_Pos*/)          /*!< TPI SPP
1031:CMSIS/Include/core_cm3.h **** 
1032:CMSIS/Include/core_cm3.h **** /* TPI Formatter and Flush Status Register Definitions */
1033:CMSIS/Include/core_cm3.h **** #define TPI_FFSR_FtNonStop_Pos              3U                                         /*!< TPI FFS
1034:CMSIS/Include/core_cm3.h **** #define TPI_FFSR_FtNonStop_Msk             (0x1UL << TPI_FFSR_FtNonStop_Pos)           /*!< TPI FFS
1035:CMSIS/Include/core_cm3.h **** 
1036:CMSIS/Include/core_cm3.h **** #define TPI_FFSR_TCPresent_Pos              2U                                         /*!< TPI FFS
1037:CMSIS/Include/core_cm3.h **** #define TPI_FFSR_TCPresent_Msk             (0x1UL << TPI_FFSR_TCPresent_Pos)           /*!< TPI FFS
1038:CMSIS/Include/core_cm3.h **** 
1039:CMSIS/Include/core_cm3.h **** #define TPI_FFSR_FtStopped_Pos              1U                                         /*!< TPI FFS
1040:CMSIS/Include/core_cm3.h **** #define TPI_FFSR_FtStopped_Msk             (0x1UL << TPI_FFSR_FtStopped_Pos)           /*!< TPI FFS
1041:CMSIS/Include/core_cm3.h **** 
1042:CMSIS/Include/core_cm3.h **** #define TPI_FFSR_FlInProg_Pos               0U                                         /*!< TPI FFS
1043:CMSIS/Include/core_cm3.h **** #define TPI_FFSR_FlInProg_Msk              (0x1UL /*<< TPI_FFSR_FlInProg_Pos*/)        /*!< TPI FFS
1044:CMSIS/Include/core_cm3.h **** 
1045:CMSIS/Include/core_cm3.h **** /* TPI Formatter and Flush Control Register Definitions */
1046:CMSIS/Include/core_cm3.h **** #define TPI_FFCR_TrigIn_Pos                 8U                                         /*!< TPI FFC
1047:CMSIS/Include/core_cm3.h **** #define TPI_FFCR_TrigIn_Msk                (0x1UL << TPI_FFCR_TrigIn_Pos)              /*!< TPI FFC
1048:CMSIS/Include/core_cm3.h **** 
1049:CMSIS/Include/core_cm3.h **** #define TPI_FFCR_EnFCont_Pos                1U                                         /*!< TPI FFC
1050:CMSIS/Include/core_cm3.h **** #define TPI_FFCR_EnFCont_Msk               (0x1UL << TPI_FFCR_EnFCont_Pos)             /*!< TPI FFC
1051:CMSIS/Include/core_cm3.h **** 
1052:CMSIS/Include/core_cm3.h **** /* TPI TRIGGER Register Definitions */
1053:CMSIS/Include/core_cm3.h **** #define TPI_TRIGGER_TRIGGER_Pos             0U                                         /*!< TPI TRI
1054:CMSIS/Include/core_cm3.h **** #define TPI_TRIGGER_TRIGGER_Msk            (0x1UL /*<< TPI_TRIGGER_TRIGGER_Pos*/)      /*!< TPI TRI
1055:CMSIS/Include/core_cm3.h **** 
1056:CMSIS/Include/core_cm3.h **** /* TPI Integration ETM Data Register Definitions (FIFO0) */
1057:CMSIS/Include/core_cm3.h **** #define TPI_FIFO0_ITM_ATVALID_Pos          29U                                         /*!< TPI FIF
ARM GAS  C:\Users\pablo\AppData\Local\Temp\cciILD4s.s 			page 20


1058:CMSIS/Include/core_cm3.h **** #define TPI_FIFO0_ITM_ATVALID_Msk          (0x3UL << TPI_FIFO0_ITM_ATVALID_Pos)        /*!< TPI FIF
1059:CMSIS/Include/core_cm3.h **** 
1060:CMSIS/Include/core_cm3.h **** #define TPI_FIFO0_ITM_bytecount_Pos        27U                                         /*!< TPI FIF
1061:CMSIS/Include/core_cm3.h **** #define TPI_FIFO0_ITM_bytecount_Msk        (0x3UL << TPI_FIFO0_ITM_bytecount_Pos)      /*!< TPI FIF
1062:CMSIS/Include/core_cm3.h **** 
1063:CMSIS/Include/core_cm3.h **** #define TPI_FIFO0_ETM_ATVALID_Pos          26U                                         /*!< TPI FIF
1064:CMSIS/Include/core_cm3.h **** #define TPI_FIFO0_ETM_ATVALID_Msk          (0x3UL << TPI_FIFO0_ETM_ATVALID_Pos)        /*!< TPI FIF
1065:CMSIS/Include/core_cm3.h **** 
1066:CMSIS/Include/core_cm3.h **** #define TPI_FIFO0_ETM_bytecount_Pos        24U                                         /*!< TPI FIF
1067:CMSIS/Include/core_cm3.h **** #define TPI_FIFO0_ETM_bytecount_Msk        (0x3UL << TPI_FIFO0_ETM_bytecount_Pos)      /*!< TPI FIF
1068:CMSIS/Include/core_cm3.h **** 
1069:CMSIS/Include/core_cm3.h **** #define TPI_FIFO0_ETM2_Pos                 16U                                         /*!< TPI FIF
1070:CMSIS/Include/core_cm3.h **** #define TPI_FIFO0_ETM2_Msk                 (0xFFUL << TPI_FIFO0_ETM2_Pos)              /*!< TPI FIF
1071:CMSIS/Include/core_cm3.h **** 
1072:CMSIS/Include/core_cm3.h **** #define TPI_FIFO0_ETM1_Pos                  8U                                         /*!< TPI FIF
1073:CMSIS/Include/core_cm3.h **** #define TPI_FIFO0_ETM1_Msk                 (0xFFUL << TPI_FIFO0_ETM1_Pos)              /*!< TPI FIF
1074:CMSIS/Include/core_cm3.h **** 
1075:CMSIS/Include/core_cm3.h **** #define TPI_FIFO0_ETM0_Pos                  0U                                         /*!< TPI FIF
1076:CMSIS/Include/core_cm3.h **** #define TPI_FIFO0_ETM0_Msk                 (0xFFUL /*<< TPI_FIFO0_ETM0_Pos*/)          /*!< TPI FIF
1077:CMSIS/Include/core_cm3.h **** 
1078:CMSIS/Include/core_cm3.h **** /* TPI ITATBCTR2 Register Definitions */
1079:CMSIS/Include/core_cm3.h **** #define TPI_ITATBCTR2_ATREADY2_Pos          0U                                         /*!< TPI ITA
1080:CMSIS/Include/core_cm3.h **** #define TPI_ITATBCTR2_ATREADY2_Msk         (0x1UL /*<< TPI_ITATBCTR2_ATREADY2_Pos*/)   /*!< TPI ITA
1081:CMSIS/Include/core_cm3.h **** 
1082:CMSIS/Include/core_cm3.h **** #define TPI_ITATBCTR2_ATREADY1_Pos          0U                                         /*!< TPI ITA
1083:CMSIS/Include/core_cm3.h **** #define TPI_ITATBCTR2_ATREADY1_Msk         (0x1UL /*<< TPI_ITATBCTR2_ATREADY1_Pos*/)   /*!< TPI ITA
1084:CMSIS/Include/core_cm3.h **** 
1085:CMSIS/Include/core_cm3.h **** /* TPI Integration ITM Data Register Definitions (FIFO1) */
1086:CMSIS/Include/core_cm3.h **** #define TPI_FIFO1_ITM_ATVALID_Pos          29U                                         /*!< TPI FIF
1087:CMSIS/Include/core_cm3.h **** #define TPI_FIFO1_ITM_ATVALID_Msk          (0x3UL << TPI_FIFO1_ITM_ATVALID_Pos)        /*!< TPI FIF
1088:CMSIS/Include/core_cm3.h **** 
1089:CMSIS/Include/core_cm3.h **** #define TPI_FIFO1_ITM_bytecount_Pos        27U                                         /*!< TPI FIF
1090:CMSIS/Include/core_cm3.h **** #define TPI_FIFO1_ITM_bytecount_Msk        (0x3UL << TPI_FIFO1_ITM_bytecount_Pos)      /*!< TPI FIF
1091:CMSIS/Include/core_cm3.h **** 
1092:CMSIS/Include/core_cm3.h **** #define TPI_FIFO1_ETM_ATVALID_Pos          26U                                         /*!< TPI FIF
1093:CMSIS/Include/core_cm3.h **** #define TPI_FIFO1_ETM_ATVALID_Msk          (0x3UL << TPI_FIFO1_ETM_ATVALID_Pos)        /*!< TPI FIF
1094:CMSIS/Include/core_cm3.h **** 
1095:CMSIS/Include/core_cm3.h **** #define TPI_FIFO1_ETM_bytecount_Pos        24U                                         /*!< TPI FIF
1096:CMSIS/Include/core_cm3.h **** #define TPI_FIFO1_ETM_bytecount_Msk        (0x3UL << TPI_FIFO1_ETM_bytecount_Pos)      /*!< TPI FIF
1097:CMSIS/Include/core_cm3.h **** 
1098:CMSIS/Include/core_cm3.h **** #define TPI_FIFO1_ITM2_Pos                 16U                                         /*!< TPI FIF
1099:CMSIS/Include/core_cm3.h **** #define TPI_FIFO1_ITM2_Msk                 (0xFFUL << TPI_FIFO1_ITM2_Pos)              /*!< TPI FIF
1100:CMSIS/Include/core_cm3.h **** 
1101:CMSIS/Include/core_cm3.h **** #define TPI_FIFO1_ITM1_Pos                  8U                                         /*!< TPI FIF
1102:CMSIS/Include/core_cm3.h **** #define TPI_FIFO1_ITM1_Msk                 (0xFFUL << TPI_FIFO1_ITM1_Pos)              /*!< TPI FIF
1103:CMSIS/Include/core_cm3.h **** 
1104:CMSIS/Include/core_cm3.h **** #define TPI_FIFO1_ITM0_Pos                  0U                                         /*!< TPI FIF
1105:CMSIS/Include/core_cm3.h **** #define TPI_FIFO1_ITM0_Msk                 (0xFFUL /*<< TPI_FIFO1_ITM0_Pos*/)          /*!< TPI FIF
1106:CMSIS/Include/core_cm3.h **** 
1107:CMSIS/Include/core_cm3.h **** /* TPI ITATBCTR0 Register Definitions */
1108:CMSIS/Include/core_cm3.h **** #define TPI_ITATBCTR0_ATREADY2_Pos          0U                                         /*!< TPI ITA
1109:CMSIS/Include/core_cm3.h **** #define TPI_ITATBCTR0_ATREADY2_Msk         (0x1UL /*<< TPI_ITATBCTR0_ATREADY2_Pos*/)   /*!< TPI ITA
1110:CMSIS/Include/core_cm3.h **** 
1111:CMSIS/Include/core_cm3.h **** #define TPI_ITATBCTR0_ATREADY1_Pos          0U                                         /*!< TPI ITA
1112:CMSIS/Include/core_cm3.h **** #define TPI_ITATBCTR0_ATREADY1_Msk         (0x1UL /*<< TPI_ITATBCTR0_ATREADY1_Pos*/)   /*!< TPI ITA
1113:CMSIS/Include/core_cm3.h **** 
1114:CMSIS/Include/core_cm3.h **** /* TPI Integration Mode Control Register Definitions */
ARM GAS  C:\Users\pablo\AppData\Local\Temp\cciILD4s.s 			page 21


1115:CMSIS/Include/core_cm3.h **** #define TPI_ITCTRL_Mode_Pos                 0U                                         /*!< TPI ITC
1116:CMSIS/Include/core_cm3.h **** #define TPI_ITCTRL_Mode_Msk                (0x3UL /*<< TPI_ITCTRL_Mode_Pos*/)          /*!< TPI ITC
1117:CMSIS/Include/core_cm3.h **** 
1118:CMSIS/Include/core_cm3.h **** /* TPI DEVID Register Definitions */
1119:CMSIS/Include/core_cm3.h **** #define TPI_DEVID_NRZVALID_Pos             11U                                         /*!< TPI DEV
1120:CMSIS/Include/core_cm3.h **** #define TPI_DEVID_NRZVALID_Msk             (0x1UL << TPI_DEVID_NRZVALID_Pos)           /*!< TPI DEV
1121:CMSIS/Include/core_cm3.h **** 
1122:CMSIS/Include/core_cm3.h **** #define TPI_DEVID_MANCVALID_Pos            10U                                         /*!< TPI DEV
1123:CMSIS/Include/core_cm3.h **** #define TPI_DEVID_MANCVALID_Msk            (0x1UL << TPI_DEVID_MANCVALID_Pos)          /*!< TPI DEV
1124:CMSIS/Include/core_cm3.h **** 
1125:CMSIS/Include/core_cm3.h **** #define TPI_DEVID_PTINVALID_Pos             9U                                         /*!< TPI DEV
1126:CMSIS/Include/core_cm3.h **** #define TPI_DEVID_PTINVALID_Msk            (0x1UL << TPI_DEVID_PTINVALID_Pos)          /*!< TPI DEV
1127:CMSIS/Include/core_cm3.h **** 
1128:CMSIS/Include/core_cm3.h **** #define TPI_DEVID_MinBufSz_Pos              6U                                         /*!< TPI DEV
1129:CMSIS/Include/core_cm3.h **** #define TPI_DEVID_MinBufSz_Msk             (0x7UL << TPI_DEVID_MinBufSz_Pos)           /*!< TPI DEV
1130:CMSIS/Include/core_cm3.h **** 
1131:CMSIS/Include/core_cm3.h **** #define TPI_DEVID_AsynClkIn_Pos             5U                                         /*!< TPI DEV
1132:CMSIS/Include/core_cm3.h **** #define TPI_DEVID_AsynClkIn_Msk            (0x1UL << TPI_DEVID_AsynClkIn_Pos)          /*!< TPI DEV
1133:CMSIS/Include/core_cm3.h **** 
1134:CMSIS/Include/core_cm3.h **** #define TPI_DEVID_NrTraceInput_Pos          0U                                         /*!< TPI DEV
1135:CMSIS/Include/core_cm3.h **** #define TPI_DEVID_NrTraceInput_Msk         (0x1FUL /*<< TPI_DEVID_NrTraceInput_Pos*/)  /*!< TPI DEV
1136:CMSIS/Include/core_cm3.h **** 
1137:CMSIS/Include/core_cm3.h **** /* TPI DEVTYPE Register Definitions */
1138:CMSIS/Include/core_cm3.h **** #define TPI_DEVTYPE_SubType_Pos             4U                                         /*!< TPI DEV
1139:CMSIS/Include/core_cm3.h **** #define TPI_DEVTYPE_SubType_Msk            (0xFUL /*<< TPI_DEVTYPE_SubType_Pos*/)      /*!< TPI DEV
1140:CMSIS/Include/core_cm3.h **** 
1141:CMSIS/Include/core_cm3.h **** #define TPI_DEVTYPE_MajorType_Pos           0U                                         /*!< TPI DEV
1142:CMSIS/Include/core_cm3.h **** #define TPI_DEVTYPE_MajorType_Msk          (0xFUL << TPI_DEVTYPE_MajorType_Pos)        /*!< TPI DEV
1143:CMSIS/Include/core_cm3.h **** 
1144:CMSIS/Include/core_cm3.h **** /*@}*/ /* end of group CMSIS_TPI */
1145:CMSIS/Include/core_cm3.h **** 
1146:CMSIS/Include/core_cm3.h **** 
1147:CMSIS/Include/core_cm3.h **** #if defined (__MPU_PRESENT) && (__MPU_PRESENT == 1U)
1148:CMSIS/Include/core_cm3.h **** /**
1149:CMSIS/Include/core_cm3.h ****   \ingroup  CMSIS_core_register
1150:CMSIS/Include/core_cm3.h ****   \defgroup CMSIS_MPU     Memory Protection Unit (MPU)
1151:CMSIS/Include/core_cm3.h ****   \brief    Type definitions for the Memory Protection Unit (MPU)
1152:CMSIS/Include/core_cm3.h ****   @{
1153:CMSIS/Include/core_cm3.h ****  */
1154:CMSIS/Include/core_cm3.h **** 
1155:CMSIS/Include/core_cm3.h **** /**
1156:CMSIS/Include/core_cm3.h ****   \brief  Structure type to access the Memory Protection Unit (MPU).
1157:CMSIS/Include/core_cm3.h ****  */
1158:CMSIS/Include/core_cm3.h **** typedef struct
1159:CMSIS/Include/core_cm3.h **** {
1160:CMSIS/Include/core_cm3.h ****   __IM  uint32_t TYPE;                   /*!< Offset: 0x000 (R/ )  MPU Type Register */
1161:CMSIS/Include/core_cm3.h ****   __IOM uint32_t CTRL;                   /*!< Offset: 0x004 (R/W)  MPU Control Register */
1162:CMSIS/Include/core_cm3.h ****   __IOM uint32_t RNR;                    /*!< Offset: 0x008 (R/W)  MPU Region RNRber Register */
1163:CMSIS/Include/core_cm3.h ****   __IOM uint32_t RBAR;                   /*!< Offset: 0x00C (R/W)  MPU Region Base Address Register
1164:CMSIS/Include/core_cm3.h ****   __IOM uint32_t RASR;                   /*!< Offset: 0x010 (R/W)  MPU Region Attribute and Size Re
1165:CMSIS/Include/core_cm3.h ****   __IOM uint32_t RBAR_A1;                /*!< Offset: 0x014 (R/W)  MPU Alias 1 Region Base Address 
1166:CMSIS/Include/core_cm3.h ****   __IOM uint32_t RASR_A1;                /*!< Offset: 0x018 (R/W)  MPU Alias 1 Region Attribute and
1167:CMSIS/Include/core_cm3.h ****   __IOM uint32_t RBAR_A2;                /*!< Offset: 0x01C (R/W)  MPU Alias 2 Region Base Address 
1168:CMSIS/Include/core_cm3.h ****   __IOM uint32_t RASR_A2;                /*!< Offset: 0x020 (R/W)  MPU Alias 2 Region Attribute and
1169:CMSIS/Include/core_cm3.h ****   __IOM uint32_t RBAR_A3;                /*!< Offset: 0x024 (R/W)  MPU Alias 3 Region Base Address 
1170:CMSIS/Include/core_cm3.h ****   __IOM uint32_t RASR_A3;                /*!< Offset: 0x028 (R/W)  MPU Alias 3 Region Attribute and
1171:CMSIS/Include/core_cm3.h **** } MPU_Type;
ARM GAS  C:\Users\pablo\AppData\Local\Temp\cciILD4s.s 			page 22


1172:CMSIS/Include/core_cm3.h **** 
1173:CMSIS/Include/core_cm3.h **** #define MPU_TYPE_RALIASES                  4U
1174:CMSIS/Include/core_cm3.h **** 
1175:CMSIS/Include/core_cm3.h **** /* MPU Type Register Definitions */
1176:CMSIS/Include/core_cm3.h **** #define MPU_TYPE_IREGION_Pos               16U                                            /*!< MPU 
1177:CMSIS/Include/core_cm3.h **** #define MPU_TYPE_IREGION_Msk               (0xFFUL << MPU_TYPE_IREGION_Pos)               /*!< MPU 
1178:CMSIS/Include/core_cm3.h **** 
1179:CMSIS/Include/core_cm3.h **** #define MPU_TYPE_DREGION_Pos                8U                                            /*!< MPU 
1180:CMSIS/Include/core_cm3.h **** #define MPU_TYPE_DREGION_Msk               (0xFFUL << MPU_TYPE_DREGION_Pos)               /*!< MPU 
1181:CMSIS/Include/core_cm3.h **** 
1182:CMSIS/Include/core_cm3.h **** #define MPU_TYPE_SEPARATE_Pos               0U                                            /*!< MPU 
1183:CMSIS/Include/core_cm3.h **** #define MPU_TYPE_SEPARATE_Msk              (1UL /*<< MPU_TYPE_SEPARATE_Pos*/)             /*!< MPU 
1184:CMSIS/Include/core_cm3.h **** 
1185:CMSIS/Include/core_cm3.h **** /* MPU Control Register Definitions */
1186:CMSIS/Include/core_cm3.h **** #define MPU_CTRL_PRIVDEFENA_Pos             2U                                            /*!< MPU 
1187:CMSIS/Include/core_cm3.h **** #define MPU_CTRL_PRIVDEFENA_Msk            (1UL << MPU_CTRL_PRIVDEFENA_Pos)               /*!< MPU 
1188:CMSIS/Include/core_cm3.h **** 
1189:CMSIS/Include/core_cm3.h **** #define MPU_CTRL_HFNMIENA_Pos               1U                                            /*!< MPU 
1190:CMSIS/Include/core_cm3.h **** #define MPU_CTRL_HFNMIENA_Msk              (1UL << MPU_CTRL_HFNMIENA_Pos)                 /*!< MPU 
1191:CMSIS/Include/core_cm3.h **** 
1192:CMSIS/Include/core_cm3.h **** #define MPU_CTRL_ENABLE_Pos                 0U                                            /*!< MPU 
1193:CMSIS/Include/core_cm3.h **** #define MPU_CTRL_ENABLE_Msk                (1UL /*<< MPU_CTRL_ENABLE_Pos*/)               /*!< MPU 
1194:CMSIS/Include/core_cm3.h **** 
1195:CMSIS/Include/core_cm3.h **** /* MPU Region Number Register Definitions */
1196:CMSIS/Include/core_cm3.h **** #define MPU_RNR_REGION_Pos                  0U                                            /*!< MPU 
1197:CMSIS/Include/core_cm3.h **** #define MPU_RNR_REGION_Msk                 (0xFFUL /*<< MPU_RNR_REGION_Pos*/)             /*!< MPU 
1198:CMSIS/Include/core_cm3.h **** 
1199:CMSIS/Include/core_cm3.h **** /* MPU Region Base Address Register Definitions */
1200:CMSIS/Include/core_cm3.h **** #define MPU_RBAR_ADDR_Pos                   5U                                            /*!< MPU 
1201:CMSIS/Include/core_cm3.h **** #define MPU_RBAR_ADDR_Msk                  (0x7FFFFFFUL << MPU_RBAR_ADDR_Pos)             /*!< MPU 
1202:CMSIS/Include/core_cm3.h **** 
1203:CMSIS/Include/core_cm3.h **** #define MPU_RBAR_VALID_Pos                  4U                                            /*!< MPU 
1204:CMSIS/Include/core_cm3.h **** #define MPU_RBAR_VALID_Msk                 (1UL << MPU_RBAR_VALID_Pos)                    /*!< MPU 
1205:CMSIS/Include/core_cm3.h **** 
1206:CMSIS/Include/core_cm3.h **** #define MPU_RBAR_REGION_Pos                 0U                                            /*!< MPU 
1207:CMSIS/Include/core_cm3.h **** #define MPU_RBAR_REGION_Msk                (0xFUL /*<< MPU_RBAR_REGION_Pos*/)             /*!< MPU 
1208:CMSIS/Include/core_cm3.h **** 
1209:CMSIS/Include/core_cm3.h **** /* MPU Region Attribute and Size Register Definitions */
1210:CMSIS/Include/core_cm3.h **** #define MPU_RASR_ATTRS_Pos                 16U                                            /*!< MPU 
1211:CMSIS/Include/core_cm3.h **** #define MPU_RASR_ATTRS_Msk                 (0xFFFFUL << MPU_RASR_ATTRS_Pos)               /*!< MPU 
1212:CMSIS/Include/core_cm3.h **** 
1213:CMSIS/Include/core_cm3.h **** #define MPU_RASR_XN_Pos                    28U                                            /*!< MPU 
1214:CMSIS/Include/core_cm3.h **** #define MPU_RASR_XN_Msk                    (1UL << MPU_RASR_XN_Pos)                       /*!< MPU 
1215:CMSIS/Include/core_cm3.h **** 
1216:CMSIS/Include/core_cm3.h **** #define MPU_RASR_AP_Pos                    24U                                            /*!< MPU 
1217:CMSIS/Include/core_cm3.h **** #define MPU_RASR_AP_Msk                    (0x7UL << MPU_RASR_AP_Pos)                     /*!< MPU 
1218:CMSIS/Include/core_cm3.h **** 
1219:CMSIS/Include/core_cm3.h **** #define MPU_RASR_TEX_Pos                   19U                                            /*!< MPU 
1220:CMSIS/Include/core_cm3.h **** #define MPU_RASR_TEX_Msk                   (0x7UL << MPU_RASR_TEX_Pos)                    /*!< MPU 
1221:CMSIS/Include/core_cm3.h **** 
1222:CMSIS/Include/core_cm3.h **** #define MPU_RASR_S_Pos                     18U                                            /*!< MPU 
1223:CMSIS/Include/core_cm3.h **** #define MPU_RASR_S_Msk                     (1UL << MPU_RASR_S_Pos)                        /*!< MPU 
1224:CMSIS/Include/core_cm3.h **** 
1225:CMSIS/Include/core_cm3.h **** #define MPU_RASR_C_Pos                     17U                                            /*!< MPU 
1226:CMSIS/Include/core_cm3.h **** #define MPU_RASR_C_Msk                     (1UL << MPU_RASR_C_Pos)                        /*!< MPU 
1227:CMSIS/Include/core_cm3.h **** 
1228:CMSIS/Include/core_cm3.h **** #define MPU_RASR_B_Pos                     16U                                            /*!< MPU 
ARM GAS  C:\Users\pablo\AppData\Local\Temp\cciILD4s.s 			page 23


1229:CMSIS/Include/core_cm3.h **** #define MPU_RASR_B_Msk                     (1UL << MPU_RASR_B_Pos)                        /*!< MPU 
1230:CMSIS/Include/core_cm3.h **** 
1231:CMSIS/Include/core_cm3.h **** #define MPU_RASR_SRD_Pos                    8U                                            /*!< MPU 
1232:CMSIS/Include/core_cm3.h **** #define MPU_RASR_SRD_Msk                   (0xFFUL << MPU_RASR_SRD_Pos)                   /*!< MPU 
1233:CMSIS/Include/core_cm3.h **** 
1234:CMSIS/Include/core_cm3.h **** #define MPU_RASR_SIZE_Pos                   1U                                            /*!< MPU 
1235:CMSIS/Include/core_cm3.h **** #define MPU_RASR_SIZE_Msk                  (0x1FUL << MPU_RASR_SIZE_Pos)                  /*!< MPU 
1236:CMSIS/Include/core_cm3.h **** 
1237:CMSIS/Include/core_cm3.h **** #define MPU_RASR_ENABLE_Pos                 0U                                            /*!< MPU 
1238:CMSIS/Include/core_cm3.h **** #define MPU_RASR_ENABLE_Msk                (1UL /*<< MPU_RASR_ENABLE_Pos*/)               /*!< MPU 
1239:CMSIS/Include/core_cm3.h **** 
1240:CMSIS/Include/core_cm3.h **** /*@} end of group CMSIS_MPU */
1241:CMSIS/Include/core_cm3.h **** #endif
1242:CMSIS/Include/core_cm3.h **** 
1243:CMSIS/Include/core_cm3.h **** 
1244:CMSIS/Include/core_cm3.h **** /**
1245:CMSIS/Include/core_cm3.h ****   \ingroup  CMSIS_core_register
1246:CMSIS/Include/core_cm3.h ****   \defgroup CMSIS_CoreDebug       Core Debug Registers (CoreDebug)
1247:CMSIS/Include/core_cm3.h ****   \brief    Type definitions for the Core Debug Registers
1248:CMSIS/Include/core_cm3.h ****   @{
1249:CMSIS/Include/core_cm3.h ****  */
1250:CMSIS/Include/core_cm3.h **** 
1251:CMSIS/Include/core_cm3.h **** /**
1252:CMSIS/Include/core_cm3.h ****   \brief  Structure type to access the Core Debug Register (CoreDebug).
1253:CMSIS/Include/core_cm3.h ****  */
1254:CMSIS/Include/core_cm3.h **** typedef struct
1255:CMSIS/Include/core_cm3.h **** {
1256:CMSIS/Include/core_cm3.h ****   __IOM uint32_t DHCSR;                  /*!< Offset: 0x000 (R/W)  Debug Halting Control and Status
1257:CMSIS/Include/core_cm3.h ****   __OM  uint32_t DCRSR;                  /*!< Offset: 0x004 ( /W)  Debug Core Register Selector Reg
1258:CMSIS/Include/core_cm3.h ****   __IOM uint32_t DCRDR;                  /*!< Offset: 0x008 (R/W)  Debug Core Register Data Registe
1259:CMSIS/Include/core_cm3.h ****   __IOM uint32_t DEMCR;                  /*!< Offset: 0x00C (R/W)  Debug Exception and Monitor Cont
1260:CMSIS/Include/core_cm3.h **** } CoreDebug_Type;
1261:CMSIS/Include/core_cm3.h **** 
1262:CMSIS/Include/core_cm3.h **** /* Debug Halting Control and Status Register Definitions */
1263:CMSIS/Include/core_cm3.h **** #define CoreDebug_DHCSR_DBGKEY_Pos         16U                                            /*!< Core
1264:CMSIS/Include/core_cm3.h **** #define CoreDebug_DHCSR_DBGKEY_Msk         (0xFFFFUL << CoreDebug_DHCSR_DBGKEY_Pos)       /*!< Core
1265:CMSIS/Include/core_cm3.h **** 
1266:CMSIS/Include/core_cm3.h **** #define CoreDebug_DHCSR_S_RESET_ST_Pos     25U                                            /*!< Core
1267:CMSIS/Include/core_cm3.h **** #define CoreDebug_DHCSR_S_RESET_ST_Msk     (1UL << CoreDebug_DHCSR_S_RESET_ST_Pos)        /*!< Core
1268:CMSIS/Include/core_cm3.h **** 
1269:CMSIS/Include/core_cm3.h **** #define CoreDebug_DHCSR_S_RETIRE_ST_Pos    24U                                            /*!< Core
1270:CMSIS/Include/core_cm3.h **** #define CoreDebug_DHCSR_S_RETIRE_ST_Msk    (1UL << CoreDebug_DHCSR_S_RETIRE_ST_Pos)       /*!< Core
1271:CMSIS/Include/core_cm3.h **** 
1272:CMSIS/Include/core_cm3.h **** #define CoreDebug_DHCSR_S_LOCKUP_Pos       19U                                            /*!< Core
1273:CMSIS/Include/core_cm3.h **** #define CoreDebug_DHCSR_S_LOCKUP_Msk       (1UL << CoreDebug_DHCSR_S_LOCKUP_Pos)          /*!< Core
1274:CMSIS/Include/core_cm3.h **** 
1275:CMSIS/Include/core_cm3.h **** #define CoreDebug_DHCSR_S_SLEEP_Pos        18U                                            /*!< Core
1276:CMSIS/Include/core_cm3.h **** #define CoreDebug_DHCSR_S_SLEEP_Msk        (1UL << CoreDebug_DHCSR_S_SLEEP_Pos)           /*!< Core
1277:CMSIS/Include/core_cm3.h **** 
1278:CMSIS/Include/core_cm3.h **** #define CoreDebug_DHCSR_S_HALT_Pos         17U                                            /*!< Core
1279:CMSIS/Include/core_cm3.h **** #define CoreDebug_DHCSR_S_HALT_Msk         (1UL << CoreDebug_DHCSR_S_HALT_Pos)            /*!< Core
1280:CMSIS/Include/core_cm3.h **** 
1281:CMSIS/Include/core_cm3.h **** #define CoreDebug_DHCSR_S_REGRDY_Pos       16U                                            /*!< Core
1282:CMSIS/Include/core_cm3.h **** #define CoreDebug_DHCSR_S_REGRDY_Msk       (1UL << CoreDebug_DHCSR_S_REGRDY_Pos)          /*!< Core
1283:CMSIS/Include/core_cm3.h **** 
1284:CMSIS/Include/core_cm3.h **** #define CoreDebug_DHCSR_C_SNAPSTALL_Pos     5U                                            /*!< Core
1285:CMSIS/Include/core_cm3.h **** #define CoreDebug_DHCSR_C_SNAPSTALL_Msk    (1UL << CoreDebug_DHCSR_C_SNAPSTALL_Pos)       /*!< Core
ARM GAS  C:\Users\pablo\AppData\Local\Temp\cciILD4s.s 			page 24


1286:CMSIS/Include/core_cm3.h **** 
1287:CMSIS/Include/core_cm3.h **** #define CoreDebug_DHCSR_C_MASKINTS_Pos      3U                                            /*!< Core
1288:CMSIS/Include/core_cm3.h **** #define CoreDebug_DHCSR_C_MASKINTS_Msk     (1UL << CoreDebug_DHCSR_C_MASKINTS_Pos)        /*!< Core
1289:CMSIS/Include/core_cm3.h **** 
1290:CMSIS/Include/core_cm3.h **** #define CoreDebug_DHCSR_C_STEP_Pos          2U                                            /*!< Core
1291:CMSIS/Include/core_cm3.h **** #define CoreDebug_DHCSR_C_STEP_Msk         (1UL << CoreDebug_DHCSR_C_STEP_Pos)            /*!< Core
1292:CMSIS/Include/core_cm3.h **** 
1293:CMSIS/Include/core_cm3.h **** #define CoreDebug_DHCSR_C_HALT_Pos          1U                                            /*!< Core
1294:CMSIS/Include/core_cm3.h **** #define CoreDebug_DHCSR_C_HALT_Msk         (1UL << CoreDebug_DHCSR_C_HALT_Pos)            /*!< Core
1295:CMSIS/Include/core_cm3.h **** 
1296:CMSIS/Include/core_cm3.h **** #define CoreDebug_DHCSR_C_DEBUGEN_Pos       0U                                            /*!< Core
1297:CMSIS/Include/core_cm3.h **** #define CoreDebug_DHCSR_C_DEBUGEN_Msk      (1UL /*<< CoreDebug_DHCSR_C_DEBUGEN_Pos*/)     /*!< Core
1298:CMSIS/Include/core_cm3.h **** 
1299:CMSIS/Include/core_cm3.h **** /* Debug Core Register Selector Register Definitions */
1300:CMSIS/Include/core_cm3.h **** #define CoreDebug_DCRSR_REGWnR_Pos         16U                                            /*!< Core
1301:CMSIS/Include/core_cm3.h **** #define CoreDebug_DCRSR_REGWnR_Msk         (1UL << CoreDebug_DCRSR_REGWnR_Pos)            /*!< Core
1302:CMSIS/Include/core_cm3.h **** 
1303:CMSIS/Include/core_cm3.h **** #define CoreDebug_DCRSR_REGSEL_Pos          0U                                            /*!< Core
1304:CMSIS/Include/core_cm3.h **** #define CoreDebug_DCRSR_REGSEL_Msk         (0x1FUL /*<< CoreDebug_DCRSR_REGSEL_Pos*/)     /*!< Core
1305:CMSIS/Include/core_cm3.h **** 
1306:CMSIS/Include/core_cm3.h **** /* Debug Exception and Monitor Control Register Definitions */
1307:CMSIS/Include/core_cm3.h **** #define CoreDebug_DEMCR_TRCENA_Pos         24U                                            /*!< Core
1308:CMSIS/Include/core_cm3.h **** #define CoreDebug_DEMCR_TRCENA_Msk         (1UL << CoreDebug_DEMCR_TRCENA_Pos)            /*!< Core
1309:CMSIS/Include/core_cm3.h **** 
1310:CMSIS/Include/core_cm3.h **** #define CoreDebug_DEMCR_MON_REQ_Pos        19U                                            /*!< Core
1311:CMSIS/Include/core_cm3.h **** #define CoreDebug_DEMCR_MON_REQ_Msk        (1UL << CoreDebug_DEMCR_MON_REQ_Pos)           /*!< Core
1312:CMSIS/Include/core_cm3.h **** 
1313:CMSIS/Include/core_cm3.h **** #define CoreDebug_DEMCR_MON_STEP_Pos       18U                                            /*!< Core
1314:CMSIS/Include/core_cm3.h **** #define CoreDebug_DEMCR_MON_STEP_Msk       (1UL << CoreDebug_DEMCR_MON_STEP_Pos)          /*!< Core
1315:CMSIS/Include/core_cm3.h **** 
1316:CMSIS/Include/core_cm3.h **** #define CoreDebug_DEMCR_MON_PEND_Pos       17U                                            /*!< Core
1317:CMSIS/Include/core_cm3.h **** #define CoreDebug_DEMCR_MON_PEND_Msk       (1UL << CoreDebug_DEMCR_MON_PEND_Pos)          /*!< Core
1318:CMSIS/Include/core_cm3.h **** 
1319:CMSIS/Include/core_cm3.h **** #define CoreDebug_DEMCR_MON_EN_Pos         16U                                            /*!< Core
1320:CMSIS/Include/core_cm3.h **** #define CoreDebug_DEMCR_MON_EN_Msk         (1UL << CoreDebug_DEMCR_MON_EN_Pos)            /*!< Core
1321:CMSIS/Include/core_cm3.h **** 
1322:CMSIS/Include/core_cm3.h **** #define CoreDebug_DEMCR_VC_HARDERR_Pos     10U                                            /*!< Core
1323:CMSIS/Include/core_cm3.h **** #define CoreDebug_DEMCR_VC_HARDERR_Msk     (1UL << CoreDebug_DEMCR_VC_HARDERR_Pos)        /*!< Core
1324:CMSIS/Include/core_cm3.h **** 
1325:CMSIS/Include/core_cm3.h **** #define CoreDebug_DEMCR_VC_INTERR_Pos       9U                                            /*!< Core
1326:CMSIS/Include/core_cm3.h **** #define CoreDebug_DEMCR_VC_INTERR_Msk      (1UL << CoreDebug_DEMCR_VC_INTERR_Pos)         /*!< Core
1327:CMSIS/Include/core_cm3.h **** 
1328:CMSIS/Include/core_cm3.h **** #define CoreDebug_DEMCR_VC_BUSERR_Pos       8U                                            /*!< Core
1329:CMSIS/Include/core_cm3.h **** #define CoreDebug_DEMCR_VC_BUSERR_Msk      (1UL << CoreDebug_DEMCR_VC_BUSERR_Pos)         /*!< Core
1330:CMSIS/Include/core_cm3.h **** 
1331:CMSIS/Include/core_cm3.h **** #define CoreDebug_DEMCR_VC_STATERR_Pos      7U                                            /*!< Core
1332:CMSIS/Include/core_cm3.h **** #define CoreDebug_DEMCR_VC_STATERR_Msk     (1UL << CoreDebug_DEMCR_VC_STATERR_Pos)        /*!< Core
1333:CMSIS/Include/core_cm3.h **** 
1334:CMSIS/Include/core_cm3.h **** #define CoreDebug_DEMCR_VC_CHKERR_Pos       6U                                            /*!< Core
1335:CMSIS/Include/core_cm3.h **** #define CoreDebug_DEMCR_VC_CHKERR_Msk      (1UL << CoreDebug_DEMCR_VC_CHKERR_Pos)         /*!< Core
1336:CMSIS/Include/core_cm3.h **** 
1337:CMSIS/Include/core_cm3.h **** #define CoreDebug_DEMCR_VC_NOCPERR_Pos      5U                                            /*!< Core
1338:CMSIS/Include/core_cm3.h **** #define CoreDebug_DEMCR_VC_NOCPERR_Msk     (1UL << CoreDebug_DEMCR_VC_NOCPERR_Pos)        /*!< Core
1339:CMSIS/Include/core_cm3.h **** 
1340:CMSIS/Include/core_cm3.h **** #define CoreDebug_DEMCR_VC_MMERR_Pos        4U                                            /*!< Core
1341:CMSIS/Include/core_cm3.h **** #define CoreDebug_DEMCR_VC_MMERR_Msk       (1UL << CoreDebug_DEMCR_VC_MMERR_Pos)          /*!< Core
1342:CMSIS/Include/core_cm3.h **** 
ARM GAS  C:\Users\pablo\AppData\Local\Temp\cciILD4s.s 			page 25


1343:CMSIS/Include/core_cm3.h **** #define CoreDebug_DEMCR_VC_CORERESET_Pos    0U                                            /*!< Core
1344:CMSIS/Include/core_cm3.h **** #define CoreDebug_DEMCR_VC_CORERESET_Msk   (1UL /*<< CoreDebug_DEMCR_VC_CORERESET_Pos*/)  /*!< Core
1345:CMSIS/Include/core_cm3.h **** 
1346:CMSIS/Include/core_cm3.h **** /*@} end of group CMSIS_CoreDebug */
1347:CMSIS/Include/core_cm3.h **** 
1348:CMSIS/Include/core_cm3.h **** 
1349:CMSIS/Include/core_cm3.h **** /**
1350:CMSIS/Include/core_cm3.h ****   \ingroup    CMSIS_core_register
1351:CMSIS/Include/core_cm3.h ****   \defgroup   CMSIS_core_bitfield     Core register bit field macros
1352:CMSIS/Include/core_cm3.h ****   \brief      Macros for use with bit field definitions (xxx_Pos, xxx_Msk).
1353:CMSIS/Include/core_cm3.h ****   @{
1354:CMSIS/Include/core_cm3.h ****  */
1355:CMSIS/Include/core_cm3.h **** 
1356:CMSIS/Include/core_cm3.h **** /**
1357:CMSIS/Include/core_cm3.h ****   \brief   Mask and shift a bit field value for use in a register bit range.
1358:CMSIS/Include/core_cm3.h ****   \param[in] field  Name of the register bit field.
1359:CMSIS/Include/core_cm3.h ****   \param[in] value  Value of the bit field. This parameter is interpreted as an uint32_t type.
1360:CMSIS/Include/core_cm3.h ****   \return           Masked and shifted value.
1361:CMSIS/Include/core_cm3.h **** */
1362:CMSIS/Include/core_cm3.h **** #define _VAL2FLD(field, value)    (((uint32_t)(value) << field ## _Pos) & field ## _Msk)
1363:CMSIS/Include/core_cm3.h **** 
1364:CMSIS/Include/core_cm3.h **** /**
1365:CMSIS/Include/core_cm3.h ****   \brief     Mask and shift a register value to extract a bit filed value.
1366:CMSIS/Include/core_cm3.h ****   \param[in] field  Name of the register bit field.
1367:CMSIS/Include/core_cm3.h ****   \param[in] value  Value of register. This parameter is interpreted as an uint32_t type.
1368:CMSIS/Include/core_cm3.h ****   \return           Masked and shifted bit field value.
1369:CMSIS/Include/core_cm3.h **** */
1370:CMSIS/Include/core_cm3.h **** #define _FLD2VAL(field, value)    (((uint32_t)(value) & field ## _Msk) >> field ## _Pos)
1371:CMSIS/Include/core_cm3.h **** 
1372:CMSIS/Include/core_cm3.h **** /*@} end of group CMSIS_core_bitfield */
1373:CMSIS/Include/core_cm3.h **** 
1374:CMSIS/Include/core_cm3.h **** 
1375:CMSIS/Include/core_cm3.h **** /**
1376:CMSIS/Include/core_cm3.h ****   \ingroup    CMSIS_core_register
1377:CMSIS/Include/core_cm3.h ****   \defgroup   CMSIS_core_base     Core Definitions
1378:CMSIS/Include/core_cm3.h ****   \brief      Definitions for base addresses, unions, and structures.
1379:CMSIS/Include/core_cm3.h ****   @{
1380:CMSIS/Include/core_cm3.h ****  */
1381:CMSIS/Include/core_cm3.h **** 
1382:CMSIS/Include/core_cm3.h **** /* Memory mapping of Core Hardware */
1383:CMSIS/Include/core_cm3.h **** #define SCS_BASE            (0xE000E000UL)                            /*!< System Control Space Bas
1384:CMSIS/Include/core_cm3.h **** #define ITM_BASE            (0xE0000000UL)                            /*!< ITM Base Address */
1385:CMSIS/Include/core_cm3.h **** #define DWT_BASE            (0xE0001000UL)                            /*!< DWT Base Address */
1386:CMSIS/Include/core_cm3.h **** #define TPI_BASE            (0xE0040000UL)                            /*!< TPI Base Address */
1387:CMSIS/Include/core_cm3.h **** #define CoreDebug_BASE      (0xE000EDF0UL)                            /*!< Core Debug Base Address 
1388:CMSIS/Include/core_cm3.h **** #define SysTick_BASE        (SCS_BASE +  0x0010UL)                    /*!< SysTick Base Address */
1389:CMSIS/Include/core_cm3.h **** #define NVIC_BASE           (SCS_BASE +  0x0100UL)                    /*!< NVIC Base Address */
1390:CMSIS/Include/core_cm3.h **** #define SCB_BASE            (SCS_BASE +  0x0D00UL)                    /*!< System Control Block Bas
1391:CMSIS/Include/core_cm3.h **** 
1392:CMSIS/Include/core_cm3.h **** #define SCnSCB              ((SCnSCB_Type    *)     SCS_BASE      )   /*!< System control Register 
1393:CMSIS/Include/core_cm3.h **** #define SCB                 ((SCB_Type       *)     SCB_BASE      )   /*!< SCB configuration struct
1394:CMSIS/Include/core_cm3.h **** #define SysTick             ((SysTick_Type   *)     SysTick_BASE  )   /*!< SysTick configuration st
1395:CMSIS/Include/core_cm3.h **** #define NVIC                ((NVIC_Type      *)     NVIC_BASE     )   /*!< NVIC configuration struc
1396:CMSIS/Include/core_cm3.h **** #define ITM                 ((ITM_Type       *)     ITM_BASE      )   /*!< ITM configuration struct
1397:CMSIS/Include/core_cm3.h **** #define DWT                 ((DWT_Type       *)     DWT_BASE      )   /*!< DWT configuration struct
1398:CMSIS/Include/core_cm3.h **** #define TPI                 ((TPI_Type       *)     TPI_BASE      )   /*!< TPI configuration struct
1399:CMSIS/Include/core_cm3.h **** #define CoreDebug           ((CoreDebug_Type *)     CoreDebug_BASE)   /*!< Core Debug configuration
ARM GAS  C:\Users\pablo\AppData\Local\Temp\cciILD4s.s 			page 26


1400:CMSIS/Include/core_cm3.h **** 
1401:CMSIS/Include/core_cm3.h **** #if defined (__MPU_PRESENT) && (__MPU_PRESENT == 1U)
1402:CMSIS/Include/core_cm3.h ****   #define MPU_BASE          (SCS_BASE +  0x0D90UL)                    /*!< Memory Protection Unit *
1403:CMSIS/Include/core_cm3.h ****   #define MPU               ((MPU_Type       *)     MPU_BASE      )   /*!< Memory Protection Unit *
1404:CMSIS/Include/core_cm3.h **** #endif
1405:CMSIS/Include/core_cm3.h **** 
1406:CMSIS/Include/core_cm3.h **** /*@} */
1407:CMSIS/Include/core_cm3.h **** 
1408:CMSIS/Include/core_cm3.h **** 
1409:CMSIS/Include/core_cm3.h **** 
1410:CMSIS/Include/core_cm3.h **** /*******************************************************************************
1411:CMSIS/Include/core_cm3.h ****  *                Hardware Abstraction Layer
1412:CMSIS/Include/core_cm3.h ****   Core Function Interface contains:
1413:CMSIS/Include/core_cm3.h ****   - Core NVIC Functions
1414:CMSIS/Include/core_cm3.h ****   - Core SysTick Functions
1415:CMSIS/Include/core_cm3.h ****   - Core Debug Functions
1416:CMSIS/Include/core_cm3.h ****   - Core Register Access Functions
1417:CMSIS/Include/core_cm3.h ****  ******************************************************************************/
1418:CMSIS/Include/core_cm3.h **** /**
1419:CMSIS/Include/core_cm3.h ****   \defgroup CMSIS_Core_FunctionInterface Functions and Instructions Reference
1420:CMSIS/Include/core_cm3.h **** */
1421:CMSIS/Include/core_cm3.h **** 
1422:CMSIS/Include/core_cm3.h **** 
1423:CMSIS/Include/core_cm3.h **** 
1424:CMSIS/Include/core_cm3.h **** /* ##########################   NVIC functions  #################################### */
1425:CMSIS/Include/core_cm3.h **** /**
1426:CMSIS/Include/core_cm3.h ****   \ingroup  CMSIS_Core_FunctionInterface
1427:CMSIS/Include/core_cm3.h ****   \defgroup CMSIS_Core_NVICFunctions NVIC Functions
1428:CMSIS/Include/core_cm3.h ****   \brief    Functions that manage interrupts and exceptions via the NVIC.
1429:CMSIS/Include/core_cm3.h ****   @{
1430:CMSIS/Include/core_cm3.h ****  */
1431:CMSIS/Include/core_cm3.h **** 
1432:CMSIS/Include/core_cm3.h **** #ifdef CMSIS_NVIC_VIRTUAL
1433:CMSIS/Include/core_cm3.h ****   #ifndef CMSIS_NVIC_VIRTUAL_HEADER_FILE
1434:CMSIS/Include/core_cm3.h ****     #define CMSIS_NVIC_VIRTUAL_HEADER_FILE "cmsis_nvic_virtual.h"
1435:CMSIS/Include/core_cm3.h ****   #endif
1436:CMSIS/Include/core_cm3.h ****   #include CMSIS_NVIC_VIRTUAL_HEADER_FILE
1437:CMSIS/Include/core_cm3.h **** #else
1438:CMSIS/Include/core_cm3.h ****   #define NVIC_SetPriorityGrouping    __NVIC_SetPriorityGrouping
1439:CMSIS/Include/core_cm3.h ****   #define NVIC_GetPriorityGrouping    __NVIC_GetPriorityGrouping
1440:CMSIS/Include/core_cm3.h ****   #define NVIC_EnableIRQ              __NVIC_EnableIRQ
1441:CMSIS/Include/core_cm3.h ****   #define NVIC_GetEnableIRQ           __NVIC_GetEnableIRQ
1442:CMSIS/Include/core_cm3.h ****   #define NVIC_DisableIRQ             __NVIC_DisableIRQ
1443:CMSIS/Include/core_cm3.h ****   #define NVIC_GetPendingIRQ          __NVIC_GetPendingIRQ
1444:CMSIS/Include/core_cm3.h ****   #define NVIC_SetPendingIRQ          __NVIC_SetPendingIRQ
1445:CMSIS/Include/core_cm3.h ****   #define NVIC_ClearPendingIRQ        __NVIC_ClearPendingIRQ
1446:CMSIS/Include/core_cm3.h ****   #define NVIC_GetActive              __NVIC_GetActive
1447:CMSIS/Include/core_cm3.h ****   #define NVIC_SetPriority            __NVIC_SetPriority
1448:CMSIS/Include/core_cm3.h ****   #define NVIC_GetPriority            __NVIC_GetPriority
1449:CMSIS/Include/core_cm3.h ****   #define NVIC_SystemReset            __NVIC_SystemReset
1450:CMSIS/Include/core_cm3.h **** #endif /* CMSIS_NVIC_VIRTUAL */
1451:CMSIS/Include/core_cm3.h **** 
1452:CMSIS/Include/core_cm3.h **** #ifdef CMSIS_VECTAB_VIRTUAL
1453:CMSIS/Include/core_cm3.h ****   #ifndef CMSIS_VECTAB_VIRTUAL_HEADER_FILE
1454:CMSIS/Include/core_cm3.h ****    #define CMSIS_VECTAB_VIRTUAL_HEADER_FILE "cmsis_vectab_virtual.h"
1455:CMSIS/Include/core_cm3.h ****   #endif
1456:CMSIS/Include/core_cm3.h ****   #include CMSIS_VECTAB_VIRTUAL_HEADER_FILE
ARM GAS  C:\Users\pablo\AppData\Local\Temp\cciILD4s.s 			page 27


1457:CMSIS/Include/core_cm3.h **** #else
1458:CMSIS/Include/core_cm3.h ****   #define NVIC_SetVector              __NVIC_SetVector
1459:CMSIS/Include/core_cm3.h ****   #define NVIC_GetVector              __NVIC_GetVector
1460:CMSIS/Include/core_cm3.h **** #endif  /* (CMSIS_VECTAB_VIRTUAL) */
1461:CMSIS/Include/core_cm3.h **** 
1462:CMSIS/Include/core_cm3.h **** #define NVIC_USER_IRQ_OFFSET          16
1463:CMSIS/Include/core_cm3.h **** 
1464:CMSIS/Include/core_cm3.h **** 
1465:CMSIS/Include/core_cm3.h **** /* The following EXC_RETURN values are saved the LR on exception entry */
1466:CMSIS/Include/core_cm3.h **** #define EXC_RETURN_HANDLER         (0xFFFFFFF1UL)     /* return to Handler mode, uses MSP after ret
1467:CMSIS/Include/core_cm3.h **** #define EXC_RETURN_THREAD_MSP      (0xFFFFFFF9UL)     /* return to Thread mode, uses MSP after retu
1468:CMSIS/Include/core_cm3.h **** #define EXC_RETURN_THREAD_PSP      (0xFFFFFFFDUL)     /* return to Thread mode, uses PSP after retu
1469:CMSIS/Include/core_cm3.h **** 
1470:CMSIS/Include/core_cm3.h **** 
1471:CMSIS/Include/core_cm3.h **** /**
1472:CMSIS/Include/core_cm3.h ****   \brief   Set Priority Grouping
1473:CMSIS/Include/core_cm3.h ****   \details Sets the priority grouping field using the required unlock sequence.
1474:CMSIS/Include/core_cm3.h ****            The parameter PriorityGroup is assigned to the field SCB->AIRCR [10:8] PRIGROUP field.
1475:CMSIS/Include/core_cm3.h ****            Only values from 0..7 are used.
1476:CMSIS/Include/core_cm3.h ****            In case of a conflict between priority grouping and available
1477:CMSIS/Include/core_cm3.h ****            priority bits (__NVIC_PRIO_BITS), the smallest possible priority group is set.
1478:CMSIS/Include/core_cm3.h ****   \param [in]      PriorityGroup  Priority grouping field.
1479:CMSIS/Include/core_cm3.h ****  */
1480:CMSIS/Include/core_cm3.h **** __STATIC_INLINE void __NVIC_SetPriorityGrouping(uint32_t PriorityGroup)
1481:CMSIS/Include/core_cm3.h **** {
1482:CMSIS/Include/core_cm3.h ****   uint32_t reg_value;
1483:CMSIS/Include/core_cm3.h ****   uint32_t PriorityGroupTmp = (PriorityGroup & (uint32_t)0x07UL);             /* only values 0..7 a
1484:CMSIS/Include/core_cm3.h **** 
1485:CMSIS/Include/core_cm3.h ****   reg_value  =  SCB->AIRCR;                                                   /* read old register 
1486:CMSIS/Include/core_cm3.h ****   reg_value &= ~((uint32_t)(SCB_AIRCR_VECTKEY_Msk | SCB_AIRCR_PRIGROUP_Msk)); /* clear bits to chan
1487:CMSIS/Include/core_cm3.h ****   reg_value  =  (reg_value                                   |
1488:CMSIS/Include/core_cm3.h ****                 ((uint32_t)0x5FAUL << SCB_AIRCR_VECTKEY_Pos) |
1489:CMSIS/Include/core_cm3.h ****                 (PriorityGroupTmp << SCB_AIRCR_PRIGROUP_Pos) );               /* Insert write key a
1490:CMSIS/Include/core_cm3.h ****   SCB->AIRCR =  reg_value;
1491:CMSIS/Include/core_cm3.h **** }
1492:CMSIS/Include/core_cm3.h **** 
1493:CMSIS/Include/core_cm3.h **** 
1494:CMSIS/Include/core_cm3.h **** /**
1495:CMSIS/Include/core_cm3.h ****   \brief   Get Priority Grouping
1496:CMSIS/Include/core_cm3.h ****   \details Reads the priority grouping field from the NVIC Interrupt Controller.
1497:CMSIS/Include/core_cm3.h ****   \return                Priority grouping field (SCB->AIRCR [10:8] PRIGROUP field).
1498:CMSIS/Include/core_cm3.h ****  */
1499:CMSIS/Include/core_cm3.h **** __STATIC_INLINE uint32_t __NVIC_GetPriorityGrouping(void)
1500:CMSIS/Include/core_cm3.h **** {
1501:CMSIS/Include/core_cm3.h ****   return ((uint32_t)((SCB->AIRCR & SCB_AIRCR_PRIGROUP_Msk) >> SCB_AIRCR_PRIGROUP_Pos));
1502:CMSIS/Include/core_cm3.h **** }
1503:CMSIS/Include/core_cm3.h **** 
1504:CMSIS/Include/core_cm3.h **** 
1505:CMSIS/Include/core_cm3.h **** /**
1506:CMSIS/Include/core_cm3.h ****   \brief   Enable Interrupt
1507:CMSIS/Include/core_cm3.h ****   \details Enables a device specific interrupt in the NVIC interrupt controller.
1508:CMSIS/Include/core_cm3.h ****   \param [in]      IRQn  Device specific interrupt number.
1509:CMSIS/Include/core_cm3.h ****   \note    IRQn must not be negative.
1510:CMSIS/Include/core_cm3.h ****  */
1511:CMSIS/Include/core_cm3.h **** __STATIC_INLINE void __NVIC_EnableIRQ(IRQn_Type IRQn)
1512:CMSIS/Include/core_cm3.h **** {
1513:CMSIS/Include/core_cm3.h ****   if ((int32_t)(IRQn) >= 0)
ARM GAS  C:\Users\pablo\AppData\Local\Temp\cciILD4s.s 			page 28


1514:CMSIS/Include/core_cm3.h ****   {
1515:CMSIS/Include/core_cm3.h ****     NVIC->ISER[(((uint32_t)IRQn) >> 5UL)] = (uint32_t)(1UL << (((uint32_t)IRQn) & 0x1FUL));
1516:CMSIS/Include/core_cm3.h ****   }
1517:CMSIS/Include/core_cm3.h **** }
1518:CMSIS/Include/core_cm3.h **** 
1519:CMSIS/Include/core_cm3.h **** 
1520:CMSIS/Include/core_cm3.h **** /**
1521:CMSIS/Include/core_cm3.h ****   \brief   Get Interrupt Enable status
1522:CMSIS/Include/core_cm3.h ****   \details Returns a device specific interrupt enable status from the NVIC interrupt controller.
1523:CMSIS/Include/core_cm3.h ****   \param [in]      IRQn  Device specific interrupt number.
1524:CMSIS/Include/core_cm3.h ****   \return             0  Interrupt is not enabled.
1525:CMSIS/Include/core_cm3.h ****   \return             1  Interrupt is enabled.
1526:CMSIS/Include/core_cm3.h ****   \note    IRQn must not be negative.
1527:CMSIS/Include/core_cm3.h ****  */
1528:CMSIS/Include/core_cm3.h **** __STATIC_INLINE uint32_t __NVIC_GetEnableIRQ(IRQn_Type IRQn)
1529:CMSIS/Include/core_cm3.h **** {
1530:CMSIS/Include/core_cm3.h ****   if ((int32_t)(IRQn) >= 0)
1531:CMSIS/Include/core_cm3.h ****   {
1532:CMSIS/Include/core_cm3.h ****     return((uint32_t)(((NVIC->ISER[(((uint32_t)IRQn) >> 5UL)] & (1UL << (((uint32_t)IRQn) & 0x1FUL)
1533:CMSIS/Include/core_cm3.h ****   }
1534:CMSIS/Include/core_cm3.h ****   else
1535:CMSIS/Include/core_cm3.h ****   {
1536:CMSIS/Include/core_cm3.h ****     return(0U);
1537:CMSIS/Include/core_cm3.h ****   }
1538:CMSIS/Include/core_cm3.h **** }
1539:CMSIS/Include/core_cm3.h **** 
1540:CMSIS/Include/core_cm3.h **** 
1541:CMSIS/Include/core_cm3.h **** /**
1542:CMSIS/Include/core_cm3.h ****   \brief   Disable Interrupt
1543:CMSIS/Include/core_cm3.h ****   \details Disables a device specific interrupt in the NVIC interrupt controller.
1544:CMSIS/Include/core_cm3.h ****   \param [in]      IRQn  Device specific interrupt number.
1545:CMSIS/Include/core_cm3.h ****   \note    IRQn must not be negative.
1546:CMSIS/Include/core_cm3.h ****  */
1547:CMSIS/Include/core_cm3.h **** __STATIC_INLINE void __NVIC_DisableIRQ(IRQn_Type IRQn)
1548:CMSIS/Include/core_cm3.h **** {
1549:CMSIS/Include/core_cm3.h ****   if ((int32_t)(IRQn) >= 0)
1550:CMSIS/Include/core_cm3.h ****   {
1551:CMSIS/Include/core_cm3.h ****     NVIC->ICER[(((uint32_t)IRQn) >> 5UL)] = (uint32_t)(1UL << (((uint32_t)IRQn) & 0x1FUL));
1552:CMSIS/Include/core_cm3.h ****     __DSB();
1553:CMSIS/Include/core_cm3.h ****     __ISB();
1554:CMSIS/Include/core_cm3.h ****   }
1555:CMSIS/Include/core_cm3.h **** }
1556:CMSIS/Include/core_cm3.h **** 
1557:CMSIS/Include/core_cm3.h **** 
1558:CMSIS/Include/core_cm3.h **** /**
1559:CMSIS/Include/core_cm3.h ****   \brief   Get Pending Interrupt
1560:CMSIS/Include/core_cm3.h ****   \details Reads the NVIC pending register and returns the pending bit for the specified device spe
1561:CMSIS/Include/core_cm3.h ****   \param [in]      IRQn  Device specific interrupt number.
1562:CMSIS/Include/core_cm3.h ****   \return             0  Interrupt status is not pending.
1563:CMSIS/Include/core_cm3.h ****   \return             1  Interrupt status is pending.
1564:CMSIS/Include/core_cm3.h ****   \note    IRQn must not be negative.
1565:CMSIS/Include/core_cm3.h ****  */
1566:CMSIS/Include/core_cm3.h **** __STATIC_INLINE uint32_t __NVIC_GetPendingIRQ(IRQn_Type IRQn)
1567:CMSIS/Include/core_cm3.h **** {
1568:CMSIS/Include/core_cm3.h ****   if ((int32_t)(IRQn) >= 0)
1569:CMSIS/Include/core_cm3.h ****   {
1570:CMSIS/Include/core_cm3.h ****     return((uint32_t)(((NVIC->ISPR[(((uint32_t)IRQn) >> 5UL)] & (1UL << (((uint32_t)IRQn) & 0x1FUL)
ARM GAS  C:\Users\pablo\AppData\Local\Temp\cciILD4s.s 			page 29


1571:CMSIS/Include/core_cm3.h ****   }
1572:CMSIS/Include/core_cm3.h ****   else
1573:CMSIS/Include/core_cm3.h ****   {
1574:CMSIS/Include/core_cm3.h ****     return(0U);
1575:CMSIS/Include/core_cm3.h ****   }
1576:CMSIS/Include/core_cm3.h **** }
1577:CMSIS/Include/core_cm3.h **** 
1578:CMSIS/Include/core_cm3.h **** 
1579:CMSIS/Include/core_cm3.h **** /**
1580:CMSIS/Include/core_cm3.h ****   \brief   Set Pending Interrupt
1581:CMSIS/Include/core_cm3.h ****   \details Sets the pending bit of a device specific interrupt in the NVIC pending register.
1582:CMSIS/Include/core_cm3.h ****   \param [in]      IRQn  Device specific interrupt number.
1583:CMSIS/Include/core_cm3.h ****   \note    IRQn must not be negative.
1584:CMSIS/Include/core_cm3.h ****  */
1585:CMSIS/Include/core_cm3.h **** __STATIC_INLINE void __NVIC_SetPendingIRQ(IRQn_Type IRQn)
1586:CMSIS/Include/core_cm3.h **** {
1587:CMSIS/Include/core_cm3.h ****   if ((int32_t)(IRQn) >= 0)
1588:CMSIS/Include/core_cm3.h ****   {
1589:CMSIS/Include/core_cm3.h ****     NVIC->ISPR[(((uint32_t)IRQn) >> 5UL)] = (uint32_t)(1UL << (((uint32_t)IRQn) & 0x1FUL));
1590:CMSIS/Include/core_cm3.h ****   }
1591:CMSIS/Include/core_cm3.h **** }
1592:CMSIS/Include/core_cm3.h **** 
1593:CMSIS/Include/core_cm3.h **** 
1594:CMSIS/Include/core_cm3.h **** /**
1595:CMSIS/Include/core_cm3.h ****   \brief   Clear Pending Interrupt
1596:CMSIS/Include/core_cm3.h ****   \details Clears the pending bit of a device specific interrupt in the NVIC pending register.
1597:CMSIS/Include/core_cm3.h ****   \param [in]      IRQn  Device specific interrupt number.
1598:CMSIS/Include/core_cm3.h ****   \note    IRQn must not be negative.
1599:CMSIS/Include/core_cm3.h ****  */
1600:CMSIS/Include/core_cm3.h **** __STATIC_INLINE void __NVIC_ClearPendingIRQ(IRQn_Type IRQn)
1601:CMSIS/Include/core_cm3.h **** {
1602:CMSIS/Include/core_cm3.h ****   if ((int32_t)(IRQn) >= 0)
1603:CMSIS/Include/core_cm3.h ****   {
1604:CMSIS/Include/core_cm3.h ****     NVIC->ICPR[(((uint32_t)IRQn) >> 5UL)] = (uint32_t)(1UL << (((uint32_t)IRQn) & 0x1FUL));
1605:CMSIS/Include/core_cm3.h ****   }
1606:CMSIS/Include/core_cm3.h **** }
1607:CMSIS/Include/core_cm3.h **** 
1608:CMSIS/Include/core_cm3.h **** 
1609:CMSIS/Include/core_cm3.h **** /**
1610:CMSIS/Include/core_cm3.h ****   \brief   Get Active Interrupt
1611:CMSIS/Include/core_cm3.h ****   \details Reads the active register in the NVIC and returns the active bit for the device specific
1612:CMSIS/Include/core_cm3.h ****   \param [in]      IRQn  Device specific interrupt number.
1613:CMSIS/Include/core_cm3.h ****   \return             0  Interrupt status is not active.
1614:CMSIS/Include/core_cm3.h ****   \return             1  Interrupt status is active.
1615:CMSIS/Include/core_cm3.h ****   \note    IRQn must not be negative.
1616:CMSIS/Include/core_cm3.h ****  */
1617:CMSIS/Include/core_cm3.h **** __STATIC_INLINE uint32_t __NVIC_GetActive(IRQn_Type IRQn)
1618:CMSIS/Include/core_cm3.h **** {
1619:CMSIS/Include/core_cm3.h ****   if ((int32_t)(IRQn) >= 0)
1620:CMSIS/Include/core_cm3.h ****   {
1621:CMSIS/Include/core_cm3.h ****     return((uint32_t)(((NVIC->IABR[(((uint32_t)IRQn) >> 5UL)] & (1UL << (((uint32_t)IRQn) & 0x1FUL)
1622:CMSIS/Include/core_cm3.h ****   }
1623:CMSIS/Include/core_cm3.h ****   else
1624:CMSIS/Include/core_cm3.h ****   {
1625:CMSIS/Include/core_cm3.h ****     return(0U);
1626:CMSIS/Include/core_cm3.h ****   }
1627:CMSIS/Include/core_cm3.h **** }
ARM GAS  C:\Users\pablo\AppData\Local\Temp\cciILD4s.s 			page 30


1628:CMSIS/Include/core_cm3.h **** 
1629:CMSIS/Include/core_cm3.h **** 
1630:CMSIS/Include/core_cm3.h **** /**
1631:CMSIS/Include/core_cm3.h ****   \brief   Set Interrupt Priority
1632:CMSIS/Include/core_cm3.h ****   \details Sets the priority of a device specific interrupt or a processor exception.
1633:CMSIS/Include/core_cm3.h ****            The interrupt number can be positive to specify a device specific interrupt,
1634:CMSIS/Include/core_cm3.h ****            or negative to specify a processor exception.
1635:CMSIS/Include/core_cm3.h ****   \param [in]      IRQn  Interrupt number.
1636:CMSIS/Include/core_cm3.h ****   \param [in]  priority  Priority to set.
1637:CMSIS/Include/core_cm3.h ****   \note    The priority cannot be set for every processor exception.
1638:CMSIS/Include/core_cm3.h ****  */
1639:CMSIS/Include/core_cm3.h **** __STATIC_INLINE void __NVIC_SetPriority(IRQn_Type IRQn, uint32_t priority)
1640:CMSIS/Include/core_cm3.h **** {
1641:CMSIS/Include/core_cm3.h ****   if ((int32_t)(IRQn) >= 0)
1642:CMSIS/Include/core_cm3.h ****   {
1643:CMSIS/Include/core_cm3.h ****     NVIC->IP[((uint32_t)IRQn)]               = (uint8_t)((priority << (8U - __NVIC_PRIO_BITS)) & (u
1644:CMSIS/Include/core_cm3.h ****   }
1645:CMSIS/Include/core_cm3.h ****   else
1646:CMSIS/Include/core_cm3.h ****   {
1647:CMSIS/Include/core_cm3.h ****     SCB->SHP[(((uint32_t)IRQn) & 0xFUL)-4UL] = (uint8_t)((priority << (8U - __NVIC_PRIO_BITS)) & (u
1648:CMSIS/Include/core_cm3.h ****   }
1649:CMSIS/Include/core_cm3.h **** }
1650:CMSIS/Include/core_cm3.h **** 
1651:CMSIS/Include/core_cm3.h **** 
1652:CMSIS/Include/core_cm3.h **** /**
1653:CMSIS/Include/core_cm3.h ****   \brief   Get Interrupt Priority
1654:CMSIS/Include/core_cm3.h ****   \details Reads the priority of a device specific interrupt or a processor exception.
1655:CMSIS/Include/core_cm3.h ****            The interrupt number can be positive to specify a device specific interrupt,
1656:CMSIS/Include/core_cm3.h ****            or negative to specify a processor exception.
1657:CMSIS/Include/core_cm3.h ****   \param [in]   IRQn  Interrupt number.
1658:CMSIS/Include/core_cm3.h ****   \return             Interrupt Priority.
1659:CMSIS/Include/core_cm3.h ****                       Value is aligned automatically to the implemented priority bits of the microc
1660:CMSIS/Include/core_cm3.h ****  */
1661:CMSIS/Include/core_cm3.h **** __STATIC_INLINE uint32_t __NVIC_GetPriority(IRQn_Type IRQn)
1662:CMSIS/Include/core_cm3.h **** {
1663:CMSIS/Include/core_cm3.h **** 
1664:CMSIS/Include/core_cm3.h ****   if ((int32_t)(IRQn) >= 0)
1665:CMSIS/Include/core_cm3.h ****   {
1666:CMSIS/Include/core_cm3.h ****     return(((uint32_t)NVIC->IP[((uint32_t)IRQn)]               >> (8U - __NVIC_PRIO_BITS)));
1667:CMSIS/Include/core_cm3.h ****   }
1668:CMSIS/Include/core_cm3.h ****   else
1669:CMSIS/Include/core_cm3.h ****   {
1670:CMSIS/Include/core_cm3.h ****     return(((uint32_t)SCB->SHP[(((uint32_t)IRQn) & 0xFUL)-4UL] >> (8U - __NVIC_PRIO_BITS)));
1671:CMSIS/Include/core_cm3.h ****   }
1672:CMSIS/Include/core_cm3.h **** }
1673:CMSIS/Include/core_cm3.h **** 
1674:CMSIS/Include/core_cm3.h **** 
1675:CMSIS/Include/core_cm3.h **** /**
1676:CMSIS/Include/core_cm3.h ****   \brief   Encode Priority
1677:CMSIS/Include/core_cm3.h ****   \details Encodes the priority for an interrupt with the given priority group,
1678:CMSIS/Include/core_cm3.h ****            preemptive priority value, and subpriority value.
1679:CMSIS/Include/core_cm3.h ****            In case of a conflict between priority grouping and available
1680:CMSIS/Include/core_cm3.h ****            priority bits (__NVIC_PRIO_BITS), the smallest possible priority group is set.
1681:CMSIS/Include/core_cm3.h ****   \param [in]     PriorityGroup  Used priority group.
1682:CMSIS/Include/core_cm3.h ****   \param [in]   PreemptPriority  Preemptive priority value (starting from 0).
1683:CMSIS/Include/core_cm3.h ****   \param [in]       SubPriority  Subpriority value (starting from 0).
1684:CMSIS/Include/core_cm3.h ****   \return                        Encoded priority. Value can be used in the function \ref NVIC_SetP
ARM GAS  C:\Users\pablo\AppData\Local\Temp\cciILD4s.s 			page 31


1685:CMSIS/Include/core_cm3.h ****  */
1686:CMSIS/Include/core_cm3.h **** __STATIC_INLINE uint32_t NVIC_EncodePriority (uint32_t PriorityGroup, uint32_t PreemptPriority, uin
1687:CMSIS/Include/core_cm3.h **** {
  28              		.loc 2 1687 1 view -0
  29              		.cfi_startproc
  30              		@ args = 0, pretend = 0, frame = 0
  31              		@ frame_needed = 0, uses_anonymous_args = 0
  32              		.loc 2 1687 1 is_stmt 0 view .LVU1
  33 0000 00B5     		push	{lr}
  34              	.LCFI0:
  35              		.cfi_def_cfa_offset 4
  36              		.cfi_offset 14, -4
1688:CMSIS/Include/core_cm3.h ****   uint32_t PriorityGroupTmp = (PriorityGroup & (uint32_t)0x07UL);   /* only values 0..7 are used   
  37              		.loc 2 1688 3 is_stmt 1 view .LVU2
  38              		.loc 2 1688 12 is_stmt 0 view .LVU3
  39 0002 00F00700 		and	r0, r0, #7
  40              	.LVL1:
1689:CMSIS/Include/core_cm3.h ****   uint32_t PreemptPriorityBits;
  41              		.loc 2 1689 3 is_stmt 1 view .LVU4
1690:CMSIS/Include/core_cm3.h ****   uint32_t SubPriorityBits;
  42              		.loc 2 1690 3 view .LVU5
1691:CMSIS/Include/core_cm3.h **** 
1692:CMSIS/Include/core_cm3.h ****   PreemptPriorityBits = ((7UL - PriorityGroupTmp) > (uint32_t)(__NVIC_PRIO_BITS)) ? (uint32_t)(__NV
  43              		.loc 2 1692 3 view .LVU6
  44              		.loc 2 1692 31 is_stmt 0 view .LVU7
  45 0006 C0F1070C 		rsb	ip, r0, #7
  46              		.loc 2 1692 23 view .LVU8
  47 000a BCF1040F 		cmp	ip, #4
  48 000e 28BF     		it	cs
  49 0010 4FF0040C 		movcs	ip, #4
  50              	.LVL2:
1693:CMSIS/Include/core_cm3.h ****   SubPriorityBits     = ((PriorityGroupTmp + (uint32_t)(__NVIC_PRIO_BITS)) < (uint32_t)7UL) ? (uint
  51              		.loc 2 1693 3 is_stmt 1 view .LVU9
  52              		.loc 2 1693 44 is_stmt 0 view .LVU10
  53 0014 031D     		adds	r3, r0, #4
  54              		.loc 2 1693 109 view .LVU11
  55 0016 062B     		cmp	r3, #6
  56 0018 0FD9     		bls	.L3
  57              		.loc 2 1693 109 discriminator 1 view .LVU12
  58 001a C31E     		subs	r3, r0, #3
  59              	.L2:
  60              	.LVL3:
1694:CMSIS/Include/core_cm3.h **** 
1695:CMSIS/Include/core_cm3.h ****   return (
  61              		.loc 2 1695 3 is_stmt 1 view .LVU13
1696:CMSIS/Include/core_cm3.h ****            ((PreemptPriority & (uint32_t)((1UL << (PreemptPriorityBits)) - 1UL)) << SubPriorityBits
  62              		.loc 2 1696 30 is_stmt 0 view .LVU14
  63 001c 4FF0FF3E 		mov	lr, #-1
  64 0020 0EFA0CF0 		lsl	r0, lr, ip
  65              	.LVL4:
  66              		.loc 2 1696 30 view .LVU15
  67 0024 21EA0001 		bic	r1, r1, r0
  68              	.LVL5:
  69              		.loc 2 1696 82 view .LVU16
  70 0028 9940     		lsls	r1, r1, r3
1697:CMSIS/Include/core_cm3.h ****            ((SubPriority     & (uint32_t)((1UL << (SubPriorityBits    )) - 1UL)))
  71              		.loc 2 1697 30 view .LVU17
ARM GAS  C:\Users\pablo\AppData\Local\Temp\cciILD4s.s 			page 32


  72 002a 0EFA03FE 		lsl	lr, lr, r3
  73 002e 22EA0E02 		bic	r2, r2, lr
  74              	.LVL6:
1698:CMSIS/Include/core_cm3.h ****          );
1699:CMSIS/Include/core_cm3.h **** }
  75              		.loc 2 1699 1 view .LVU18
  76 0032 41EA0200 		orr	r0, r1, r2
  77 0036 5DF804FB 		ldr	pc, [sp], #4
  78              	.LVL7:
  79              	.L3:
1693:CMSIS/Include/core_cm3.h **** 
  80              		.loc 2 1693 109 discriminator 2 view .LVU19
  81 003a 0023     		movs	r3, #0
  82 003c EEE7     		b	.L2
  83              		.cfi_endproc
  84              	.LFE55:
  86              		.section	.text.SysTick_init,"ax",%progbits
  87              		.align	1
  88              		.global	SysTick_init
  89              		.syntax unified
  90              		.thumb
  91              		.thumb_func
  93              	SysTick_init:
  94              	.LFB65:
   1:Core/Src/Init.c **** #include "Init.h"
   2:Core/Src/Init.c **** 
   3:Core/Src/Init.c **** void SysTick_init(void){
  95              		.loc 1 3 24 is_stmt 1 view -0
  96              		.cfi_startproc
  97              		@ args = 0, pretend = 0, frame = 0
  98              		@ frame_needed = 0, uses_anonymous_args = 0
  99              		@ link register save eliminated.
   4:Core/Src/Init.c ****     // Stopping the timer to configure it in case it was on
   5:Core/Src/Init.c ****     CLEAR_BIT(SysTick->CTRL, SysTick_CTRL_ENABLE_Msk);
 100              		.loc 1 5 5 view .LVU21
 101 0000 4FF0E023 		mov	r3, #-536813568
 102 0004 1A69     		ldr	r2, [r3, #16]
 103 0006 22F00102 		bic	r2, r2, #1
 104 000a 1A61     		str	r2, [r3, #16]
   6:Core/Src/Init.c **** 
   7:Core/Src/Init.c ****     // enabling interrupts
   8:Core/Src/Init.c ****     SET_BIT(SysTick->CTRL, SysTick_CTRL_TICKINT_Msk);
 105              		.loc 1 8 5 view .LVU22
 106 000c 1A69     		ldr	r2, [r3, #16]
 107 000e 42F00202 		orr	r2, r2, #2
 108 0012 1A61     		str	r2, [r3, #16]
   9:Core/Src/Init.c **** 
  10:Core/Src/Init.c ****     // make the clock source AHB (48MHz)
  11:Core/Src/Init.c ****     // bit 1 - AHB
  12:Core/Src/Init.c ****     // bit 0 - AHB/8
  13:Core/Src/Init.c ****     SET_BIT(SysTick->CTRL, SysTick_CTRL_CLKSOURCE_Msk);
 109              		.loc 1 13 5 view .LVU23
 110 0014 1A69     		ldr	r2, [r3, #16]
 111 0016 42F00402 		orr	r2, r2, #4
 112 001a 1A61     		str	r2, [r3, #16]
  14:Core/Src/Init.c **** 
  15:Core/Src/Init.c ****     // setting the max value for the counter
ARM GAS  C:\Users\pablo\AppData\Local\Temp\cciILD4s.s 			page 33


  16:Core/Src/Init.c ****     // since the source clock ticks at 48 MHz, and we want a ms counter
  17:Core/Src/Init.c ****     // then the counter should count till 48 000 - 1 = 47 999
  18:Core/Src/Init.c ****     MODIFY_REG(SysTick->LOAD, SysTick_LOAD_RELOAD_Msk, 47999 << SysTick_CTRL_ENABLE_Pos);
 113              		.loc 1 18 5 view .LVU24
 114 001c 5A69     		ldr	r2, [r3, #20]
 115 001e 02F07F42 		and	r2, r2, #-16777216
 116 0022 4BF67F31 		movw	r1, #47999
 117 0026 0A43     		orrs	r2, r2, r1
 118 0028 5A61     		str	r2, [r3, #20]
  19:Core/Src/Init.c **** 
  20:Core/Src/Init.c ****     // setting the counter to 0
  21:Core/Src/Init.c ****     MODIFY_REG(SysTick->LOAD, SysTick_VAL_CURRENT_Msk, 47999 << SysTick_CTRL_ENABLE_Pos);
 119              		.loc 1 21 5 view .LVU25
 120 002a 5A69     		ldr	r2, [r3, #20]
 121 002c 02F07F42 		and	r2, r2, #-16777216
 122 0030 0A43     		orrs	r2, r2, r1
 123 0032 5A61     		str	r2, [r3, #20]
  22:Core/Src/Init.c **** 
  23:Core/Src/Init.c ****     // Starting the counter
  24:Core/Src/Init.c ****     SET_BIT(SysTick->CTRL, SysTick_CTRL_ENABLE_Msk);
 124              		.loc 1 24 5 view .LVU26
 125 0034 1A69     		ldr	r2, [r3, #16]
 126 0036 42F00102 		orr	r2, r2, #1
 127 003a 1A61     		str	r2, [r3, #16]
  25:Core/Src/Init.c **** 
  26:Core/Src/Init.c **** }
 128              		.loc 1 26 1 is_stmt 0 view .LVU27
 129 003c 7047     		bx	lr
 130              		.cfi_endproc
 131              	.LFE65:
 133              		.section	.text.ITR_init,"ax",%progbits
 134              		.align	1
 135              		.global	ITR_init
 136              		.syntax unified
 137              		.thumb
 138              		.thumb_func
 140              	ITR_init:
 141              	.LFB66:
  27:Core/Src/Init.c **** 
  28:Core/Src/Init.c **** void ITR_init(void){
 142              		.loc 1 28 20 is_stmt 1 view -0
 143              		.cfi_startproc
 144              		@ args = 0, pretend = 0, frame = 0
 145              		@ frame_needed = 0, uses_anonymous_args = 0
 146 0000 F8B5     		push	{r3, r4, r5, r6, r7, lr}
 147              	.LCFI1:
 148              		.cfi_def_cfa_offset 24
 149              		.cfi_offset 3, -24
 150              		.cfi_offset 4, -20
 151              		.cfi_offset 5, -16
 152              		.cfi_offset 6, -12
 153              		.cfi_offset 7, -8
 154              		.cfi_offset 14, -4
  29:Core/Src/Init.c ****     // enabling clock for GPIOB peropherals
  30:Core/Src/Init.c ****     // SET_BIT(RCC->APB2ENR, RCC_APB2ENR_IOPBEN); // This is done in the GPIO init already
  31:Core/Src/Init.c ****     // setting the button b9 to be an input pull down is also done in GPIO init
  32:Core/Src/Init.c **** 
ARM GAS  C:\Users\pablo\AppData\Local\Temp\cciILD4s.s 			page 34


  33:Core/Src/Init.c ****     // enabling the clock for alternative functions IO
  34:Core/Src/Init.c ****     SET_BIT(RCC->APB2ENR, RCC_APB2ENR_AFIOEN);
 155              		.loc 1 34 5 view .LVU29
 156 0002 3B4A     		ldr	r2, .L8
 157 0004 9369     		ldr	r3, [r2, #24]
 158 0006 43F00103 		orr	r3, r3, #1
 159 000a 9361     		str	r3, [r2, #24]
  35:Core/Src/Init.c **** 
  36:Core/Src/Init.c ****     // Making an interropt on B9
  37:Core/Src/Init.c ****     // Clear the bits that select the port for EXTI line 9
  38:Core/Src/Init.c ****     CLEAR_BIT(AFIO->EXTICR[2], AFIO_EXTICR3_EXTI9);
 160              		.loc 1 38 5 view .LVU30
 161 000c 394D     		ldr	r5, .L8+4
 162 000e 2B69     		ldr	r3, [r5, #16]
 163 0010 23F0F003 		bic	r3, r3, #240
 164 0014 2B61     		str	r3, [r5, #16]
  39:Core/Src/Init.c ****     // Set the bits to select Port B as the source for EXTI line 9
  40:Core/Src/Init.c ****     SET_BIT(AFIO->EXTICR[2], AFIO_EXTICR3_EXTI9_PB);
 165              		.loc 1 40 5 view .LVU31
 166 0016 2B69     		ldr	r3, [r5, #16]
 167 0018 43F01003 		orr	r3, r3, #16
 168 001c 2B61     		str	r3, [r5, #16]
  41:Core/Src/Init.c **** 
  42:Core/Src/Init.c ****     SET_BIT(EXTI->IMR, EXTI_IMR_MR9); // Interrupt in line 9
 169              		.loc 1 42 5 view .LVU32
 170 001e 364C     		ldr	r4, .L8+8
 171 0020 2368     		ldr	r3, [r4]
 172 0022 43F40073 		orr	r3, r3, #512
 173 0026 2360     		str	r3, [r4]
  43:Core/Src/Init.c ****     SET_BIT(EXTI->RTSR, EXTI_RTSR_TR9); // riing edge trigger
 174              		.loc 1 43 5 view .LVU33
 175 0028 A368     		ldr	r3, [r4, #8]
 176 002a 43F40073 		orr	r3, r3, #512
 177 002e A360     		str	r3, [r4, #8]
  44:Core/Src/Init.c ****     SET_BIT(EXTI->FTSR, EXTI_FTSR_TR9); // falling edge trigger
 178              		.loc 1 44 5 view .LVU34
 179 0030 E368     		ldr	r3, [r4, #12]
 180 0032 43F40073 		orr	r3, r3, #512
 181 0036 E360     		str	r3, [r4, #12]
  45:Core/Src/Init.c **** 
  46:Core/Src/Init.c ****     // Making an interrupt a B7
  47:Core/Src/Init.c ****     // Clear the bits that select the port for EXTI line 7
  48:Core/Src/Init.c ****     CLEAR_BIT(AFIO->EXTICR[1], AFIO_EXTICR2_EXTI7);
 182              		.loc 1 48 5 view .LVU35
 183 0038 EB68     		ldr	r3, [r5, #12]
 184 003a 23F47043 		bic	r3, r3, #61440
 185 003e EB60     		str	r3, [r5, #12]
  49:Core/Src/Init.c ****     // Set the bits to select Port B as the source for EXTI line 7
  50:Core/Src/Init.c ****     SET_BIT(AFIO->EXTICR[1], AFIO_EXTICR2_EXTI7_PB);
 186              		.loc 1 50 5 view .LVU36
 187 0040 EB68     		ldr	r3, [r5, #12]
 188 0042 43F48053 		orr	r3, r3, #4096
 189 0046 EB60     		str	r3, [r5, #12]
  51:Core/Src/Init.c **** 
  52:Core/Src/Init.c ****     SET_BIT(EXTI->IMR, EXTI_IMR_MR7); // Interrupt in line 7
 190              		.loc 1 52 5 view .LVU37
 191 0048 2368     		ldr	r3, [r4]
ARM GAS  C:\Users\pablo\AppData\Local\Temp\cciILD4s.s 			page 35


 192 004a 43F08003 		orr	r3, r3, #128
 193 004e 2360     		str	r3, [r4]
  53:Core/Src/Init.c ****     SET_BIT(EXTI->RTSR, EXTI_RTSR_TR7); // riing edge trigger
 194              		.loc 1 53 5 view .LVU38
 195 0050 A368     		ldr	r3, [r4, #8]
 196 0052 43F08003 		orr	r3, r3, #128
 197 0056 A360     		str	r3, [r4, #8]
  54:Core/Src/Init.c ****     SET_BIT(EXTI->FTSR, EXTI_FTSR_TR7); // falling edge trigger
 198              		.loc 1 54 5 view .LVU39
 199 0058 E368     		ldr	r3, [r4, #12]
 200 005a 43F08003 		orr	r3, r3, #128
 201 005e E360     		str	r3, [r4, #12]
  55:Core/Src/Init.c **** 
  56:Core/Src/Init.c ****     // Making an interrupt a B5
  57:Core/Src/Init.c ****     // Clear the bits that select the port for EXTI line 5
  58:Core/Src/Init.c ****     CLEAR_BIT(AFIO->EXTICR[1], AFIO_EXTICR2_EXTI5);
 202              		.loc 1 58 5 view .LVU40
 203 0060 EB68     		ldr	r3, [r5, #12]
 204 0062 23F0F003 		bic	r3, r3, #240
 205 0066 EB60     		str	r3, [r5, #12]
  59:Core/Src/Init.c ****     // Set the bits to select Port B as the source for EXTI line 5
  60:Core/Src/Init.c ****     SET_BIT(AFIO->EXTICR[1], AFIO_EXTICR2_EXTI5_PB);
 206              		.loc 1 60 5 view .LVU41
 207 0068 EB68     		ldr	r3, [r5, #12]
 208 006a 43F01003 		orr	r3, r3, #16
 209 006e EB60     		str	r3, [r5, #12]
  61:Core/Src/Init.c **** 
  62:Core/Src/Init.c ****     SET_BIT(EXTI->IMR, EXTI_IMR_MR5); // Interrupt in line 5
 210              		.loc 1 62 5 view .LVU42
 211 0070 2368     		ldr	r3, [r4]
 212 0072 43F02003 		orr	r3, r3, #32
 213 0076 2360     		str	r3, [r4]
  63:Core/Src/Init.c ****     SET_BIT(EXTI->RTSR, EXTI_RTSR_TR5); // riing edge trigger
 214              		.loc 1 63 5 view .LVU43
 215 0078 A368     		ldr	r3, [r4, #8]
 216 007a 43F02003 		orr	r3, r3, #32
 217 007e A360     		str	r3, [r4, #8]
  64:Core/Src/Init.c ****     SET_BIT(EXTI->FTSR, EXTI_FTSR_TR5); // falling edge trigger
 218              		.loc 1 64 5 view .LVU44
 219 0080 E368     		ldr	r3, [r4, #12]
 220 0082 43F02003 		orr	r3, r3, #32
 221 0086 E360     		str	r3, [r4, #12]
  65:Core/Src/Init.c **** 
  66:Core/Src/Init.c ****     // setting the priority level.
  67:Core/Src/Init.c ****     // arg 1: This function reads the current system-wide split configuration. 
  68:Core/Src/Init.c ****     // It returns a value that tells NVIC_EncodePriority how the bits are currently divided.
  69:Core/Src/Init.c ****     // arg 2: It determines if an interrupt can interrupt another, already running interrupt.
  70:Core/Src/Init.c ****     // arg 3:  if two interrupts with the same preemption priority occur at the exact same time.
  71:Core/Src/Init.c ****     // The one with the higher subpriority (lower number) will be handled first. 
  72:Core/Src/Init.c ****     NVIC_SetPriority(EXTI9_5_IRQn, NVIC_EncodePriority(NVIC_GetPriorityGrouping(), 0, 0));
 222              		.loc 1 72 5 view .LVU45
 223              	.LBB14:
 224              	.LBI14:
1499:CMSIS/Include/core_cm3.h **** {
 225              		.loc 2 1499 26 view .LVU46
 226              	.LBB15:
1501:CMSIS/Include/core_cm3.h **** }
ARM GAS  C:\Users\pablo\AppData\Local\Temp\cciILD4s.s 			page 36


 227              		.loc 2 1501 3 view .LVU47
1501:CMSIS/Include/core_cm3.h **** }
 228              		.loc 2 1501 26 is_stmt 0 view .LVU48
 229 0088 1C4F     		ldr	r7, .L8+12
 230 008a F868     		ldr	r0, [r7, #12]
 231              	.LBE15:
 232              	.LBE14:
 233              		.loc 1 72 5 discriminator 1 view .LVU49
 234 008c 0022     		movs	r2, #0
 235 008e 1146     		mov	r1, r2
 236 0090 C0F30220 		ubfx	r0, r0, #8, #3
 237 0094 FFF7FEFF 		bl	NVIC_EncodePriority
 238              	.LVL8:
 239              	.LBB16:
 240              	.LBI16:
1639:CMSIS/Include/core_cm3.h **** {
 241              		.loc 2 1639 22 is_stmt 1 view .LVU50
 242              	.LBB17:
1641:CMSIS/Include/core_cm3.h ****   {
 243              		.loc 2 1641 3 view .LVU51
1643:CMSIS/Include/core_cm3.h ****   }
 244              		.loc 2 1643 5 view .LVU52
1643:CMSIS/Include/core_cm3.h ****   }
 245              		.loc 2 1643 48 is_stmt 0 view .LVU53
 246 0098 0001     		lsls	r0, r0, #4
 247              	.LVL9:
1643:CMSIS/Include/core_cm3.h ****   }
 248              		.loc 2 1643 48 view .LVU54
 249 009a C0B2     		uxtb	r0, r0
1643:CMSIS/Include/core_cm3.h ****   }
 250              		.loc 2 1643 46 view .LVU55
 251 009c 184E     		ldr	r6, .L8+16
 252 009e 86F81703 		strb	r0, [r6, #791]
 253              	.LVL10:
1643:CMSIS/Include/core_cm3.h ****   }
 254              		.loc 2 1643 46 view .LVU56
 255              	.LBE17:
 256              	.LBE16:
  73:Core/Src/Init.c **** 
  74:Core/Src/Init.c ****     //enabling the interrupts
  75:Core/Src/Init.c ****     NVIC_EnableIRQ(EXTI9_5_IRQn);
 257              		.loc 1 75 5 is_stmt 1 view .LVU57
 258              	.LBB18:
 259              	.LBI18:
1511:CMSIS/Include/core_cm3.h **** {
 260              		.loc 2 1511 22 view .LVU58
 261              	.LBB19:
1513:CMSIS/Include/core_cm3.h ****   {
 262              		.loc 2 1513 3 view .LVU59
1515:CMSIS/Include/core_cm3.h ****   }
 263              		.loc 2 1515 5 view .LVU60
1515:CMSIS/Include/core_cm3.h ****   }
 264              		.loc 2 1515 43 is_stmt 0 view .LVU61
 265 00a2 4FF40003 		mov	r3, #8388608
 266 00a6 3360     		str	r3, [r6]
 267              	.LVL11:
1515:CMSIS/Include/core_cm3.h ****   }
ARM GAS  C:\Users\pablo\AppData\Local\Temp\cciILD4s.s 			page 37


 268              		.loc 2 1515 43 view .LVU62
 269              	.LBE19:
 270              	.LBE18:
  76:Core/Src/Init.c **** 
  77:Core/Src/Init.c ****     // Making an interrupt a B3
  78:Core/Src/Init.c ****     // Clear the bits that select the port for EXTI line 3
  79:Core/Src/Init.c ****     CLEAR_BIT(AFIO->EXTICR[0], AFIO_EXTICR1_EXTI3);
 271              		.loc 1 79 5 is_stmt 1 view .LVU63
 272 00a8 AB68     		ldr	r3, [r5, #8]
 273 00aa 23F47043 		bic	r3, r3, #61440
 274 00ae AB60     		str	r3, [r5, #8]
  80:Core/Src/Init.c ****     // Set the bits to select Port B as the source for EXTI line 3
  81:Core/Src/Init.c ****     SET_BIT(AFIO->EXTICR[0], AFIO_EXTICR1_EXTI3_PB);
 275              		.loc 1 81 5 view .LVU64
 276 00b0 AB68     		ldr	r3, [r5, #8]
 277 00b2 43F48053 		orr	r3, r3, #4096
 278 00b6 AB60     		str	r3, [r5, #8]
  82:Core/Src/Init.c **** 
  83:Core/Src/Init.c ****     SET_BIT(EXTI->IMR, EXTI_IMR_MR3); // Interrupt in line 3
 279              		.loc 1 83 5 view .LVU65
 280 00b8 2368     		ldr	r3, [r4]
 281 00ba 43F00803 		orr	r3, r3, #8
 282 00be 2360     		str	r3, [r4]
  84:Core/Src/Init.c ****     SET_BIT(EXTI->RTSR, EXTI_RTSR_TR3); // riing edge trigger
 283              		.loc 1 84 5 view .LVU66
 284 00c0 A368     		ldr	r3, [r4, #8]
 285 00c2 43F00803 		orr	r3, r3, #8
 286 00c6 A360     		str	r3, [r4, #8]
  85:Core/Src/Init.c ****     SET_BIT(EXTI->FTSR, EXTI_FTSR_TR3); // falling edge trigger
 287              		.loc 1 85 5 view .LVU67
 288 00c8 E368     		ldr	r3, [r4, #12]
 289 00ca 43F00803 		orr	r3, r3, #8
 290 00ce E360     		str	r3, [r4, #12]
  86:Core/Src/Init.c **** 
  87:Core/Src/Init.c ****     // setting the priority level.
  88:Core/Src/Init.c ****     NVIC_SetPriority(EXTI3_IRQn, NVIC_EncodePriority(NVIC_GetPriorityGrouping(), 0, 0));
 291              		.loc 1 88 5 view .LVU68
 292              	.LBB20:
 293              	.LBI20:
1499:CMSIS/Include/core_cm3.h **** {
 294              		.loc 2 1499 26 view .LVU69
 295              	.LBB21:
1501:CMSIS/Include/core_cm3.h **** }
 296              		.loc 2 1501 3 view .LVU70
1501:CMSIS/Include/core_cm3.h **** }
 297              		.loc 2 1501 26 is_stmt 0 view .LVU71
 298 00d0 F868     		ldr	r0, [r7, #12]
 299              	.LBE21:
 300              	.LBE20:
 301              		.loc 1 88 5 discriminator 1 view .LVU72
 302 00d2 0022     		movs	r2, #0
 303 00d4 1146     		mov	r1, r2
 304 00d6 C0F30220 		ubfx	r0, r0, #8, #3
 305 00da FFF7FEFF 		bl	NVIC_EncodePriority
 306              	.LVL12:
 307              	.LBB22:
 308              	.LBI22:
ARM GAS  C:\Users\pablo\AppData\Local\Temp\cciILD4s.s 			page 38


1639:CMSIS/Include/core_cm3.h **** {
 309              		.loc 2 1639 22 is_stmt 1 view .LVU73
 310              	.LBB23:
1641:CMSIS/Include/core_cm3.h ****   {
 311              		.loc 2 1641 3 view .LVU74
1643:CMSIS/Include/core_cm3.h ****   }
 312              		.loc 2 1643 5 view .LVU75
1643:CMSIS/Include/core_cm3.h ****   }
 313              		.loc 2 1643 48 is_stmt 0 view .LVU76
 314 00de 0001     		lsls	r0, r0, #4
 315              	.LVL13:
1643:CMSIS/Include/core_cm3.h ****   }
 316              		.loc 2 1643 48 view .LVU77
 317 00e0 C0B2     		uxtb	r0, r0
1643:CMSIS/Include/core_cm3.h ****   }
 318              		.loc 2 1643 46 view .LVU78
 319 00e2 86F80903 		strb	r0, [r6, #777]
 320              	.LVL14:
1643:CMSIS/Include/core_cm3.h ****   }
 321              		.loc 2 1643 46 view .LVU79
 322              	.LBE23:
 323              	.LBE22:
  89:Core/Src/Init.c **** 
  90:Core/Src/Init.c ****     //enabling the interrupts
  91:Core/Src/Init.c ****     NVIC_EnableIRQ(EXTI3_IRQn);
 324              		.loc 1 91 5 is_stmt 1 view .LVU80
 325              	.LBB24:
 326              	.LBI24:
1511:CMSIS/Include/core_cm3.h **** {
 327              		.loc 2 1511 22 view .LVU81
 328              	.LBB25:
1513:CMSIS/Include/core_cm3.h ****   {
 329              		.loc 2 1513 3 view .LVU82
1515:CMSIS/Include/core_cm3.h ****   }
 330              		.loc 2 1515 5 view .LVU83
1515:CMSIS/Include/core_cm3.h ****   }
 331              		.loc 2 1515 43 is_stmt 0 view .LVU84
 332 00e6 4FF40073 		mov	r3, #512
 333 00ea 3360     		str	r3, [r6]
 334              	.LVL15:
1515:CMSIS/Include/core_cm3.h ****   }
 335              		.loc 2 1515 43 view .LVU85
 336              	.LBE25:
 337              	.LBE24:
  92:Core/Src/Init.c **** 
  93:Core/Src/Init.c **** }
 338              		.loc 1 93 1 view .LVU86
 339 00ec F8BD     		pop	{r3, r4, r5, r6, r7, pc}
 340              	.L9:
 341 00ee 00BF     		.align	2
 342              	.L8:
 343 00f0 00100240 		.word	1073876992
 344 00f4 00000140 		.word	1073807360
 345 00f8 00040140 		.word	1073808384
 346 00fc 00ED00E0 		.word	-536810240
 347 0100 00E100E0 		.word	-536813312
 348              		.cfi_endproc
ARM GAS  C:\Users\pablo\AppData\Local\Temp\cciILD4s.s 			page 39


 349              	.LFE66:
 351              		.section	.text.RCC_init,"ax",%progbits
 352              		.align	1
 353              		.global	RCC_init
 354              		.syntax unified
 355              		.thumb
 356              		.thumb_func
 358              	RCC_init:
 359              	.LFB67:
  94:Core/Src/Init.c **** 
  95:Core/Src/Init.c **** void RCC_init(void){
 360              		.loc 1 95 20 is_stmt 1 view -0
 361              		.cfi_startproc
 362              		@ args = 0, pretend = 0, frame = 0
 363              		@ frame_needed = 0, uses_anonymous_args = 0
 364              		@ link register save eliminated.
  96:Core/Src/Init.c ****     MODIFY_REG(RCC->CR, RCC_CR_HSITRIM, 0x80U);
 365              		.loc 1 96 5 view .LVU88
 366 0000 3E4A     		ldr	r2, .L17
 367 0002 1368     		ldr	r3, [r2]
 368 0004 23F0F803 		bic	r3, r3, #248
 369 0008 43F08003 		orr	r3, r3, #128
 370 000c 1360     		str	r3, [r2]
  97:Core/Src/Init.c ****     CLEAR_REG(RCC->CFGR);
 371              		.loc 1 97 5 view .LVU89
 372 000e 0023     		movs	r3, #0
 373 0010 5360     		str	r3, [r2, #4]
  98:Core/Src/Init.c ****     while(READ_BIT(RCC->CFGR, RCC_CFGR_SWS) != RESET);
 374              		.loc 1 98 5 view .LVU90
 375              	.L11:
 376              		.loc 1 98 45 discriminator 1 view .LVU91
 377              		.loc 1 98 11 is_stmt 0 discriminator 1 view .LVU92
 378 0012 3A4B     		ldr	r3, .L17
 379 0014 5B68     		ldr	r3, [r3, #4]
 380              		.loc 1 98 45 discriminator 1 view .LVU93
 381 0016 13F00C0F 		tst	r3, #12
 382 001a FAD1     		bne	.L11
  99:Core/Src/Init.c ****     CLEAR_BIT(RCC->CR, RCC_CR_PLLON);
 383              		.loc 1 99 5 is_stmt 1 view .LVU94
 384 001c 374A     		ldr	r2, .L17
 385 001e 1368     		ldr	r3, [r2]
 386 0020 23F08073 		bic	r3, r3, #16777216
 387 0024 1360     		str	r3, [r2]
 100:Core/Src/Init.c ****     while(READ_BIT(RCC->CR, RCC_CR_PLLRDY) != RESET);
 388              		.loc 1 100 5 view .LVU95
 389              	.L12:
 390              		.loc 1 100 44 discriminator 1 view .LVU96
 391              		.loc 1 100 11 is_stmt 0 discriminator 1 view .LVU97
 392 0026 354B     		ldr	r3, .L17
 393 0028 1B68     		ldr	r3, [r3]
 394              		.loc 1 100 44 discriminator 1 view .LVU98
 395 002a 13F0007F 		tst	r3, #33554432
 396 002e FAD1     		bne	.L12
 101:Core/Src/Init.c ****     CLEAR_BIT(RCC->CR, RCC_CR_HSEON | RCC_CR_CSSON);
 397              		.loc 1 101 5 is_stmt 1 view .LVU99
 398 0030 324A     		ldr	r2, .L17
 399 0032 1368     		ldr	r3, [r2]
ARM GAS  C:\Users\pablo\AppData\Local\Temp\cciILD4s.s 			page 40


 400 0034 23F41023 		bic	r3, r3, #589824
 401 0038 1360     		str	r3, [r2]
 102:Core/Src/Init.c ****     while(READ_BIT(RCC->CR, RCC_CR_HSERDY) != RESET);
 402              		.loc 1 102 5 view .LVU100
 403              	.L13:
 404              		.loc 1 102 44 discriminator 1 view .LVU101
 405              		.loc 1 102 11 is_stmt 0 discriminator 1 view .LVU102
 406 003a 304B     		ldr	r3, .L17
 407 003c 1B68     		ldr	r3, [r3]
 408              		.loc 1 102 44 discriminator 1 view .LVU103
 409 003e 13F4003F 		tst	r3, #131072
 410 0042 FAD1     		bne	.L13
 103:Core/Src/Init.c ****     CLEAR_BIT(RCC->CR, RCC_CR_HSEBYP);
 411              		.loc 1 103 5 is_stmt 1 view .LVU104
 412 0044 2D4B     		ldr	r3, .L17
 413 0046 1A68     		ldr	r2, [r3]
 414 0048 22F48022 		bic	r2, r2, #262144
 415 004c 1A60     		str	r2, [r3]
 104:Core/Src/Init.c **** 
 105:Core/Src/Init.c ****     // turning on the HSE resonator and checking that it works
 106:Core/Src/Init.c ****     SET_BIT(RCC->CR, RCC_CR_HSEON);
 416              		.loc 1 106 5 view .LVU105
 417 004e 1A68     		ldr	r2, [r3]
 418 0050 42F48032 		orr	r2, r2, #65536
 419 0054 1A60     		str	r2, [r3]
 107:Core/Src/Init.c ****     while(READ_BIT(RCC->CR, RCC_CR_HSERDY) == RESET);
 420              		.loc 1 107 5 view .LVU106
 421              	.L14:
 422              		.loc 1 107 44 discriminator 1 view .LVU107
 423              		.loc 1 107 11 is_stmt 0 discriminator 1 view .LVU108
 424 0056 294B     		ldr	r3, .L17
 425 0058 1B68     		ldr	r3, [r3]
 426              		.loc 1 107 44 discriminator 1 view .LVU109
 427 005a 13F4003F 		tst	r3, #131072
 428 005e FAD0     		beq	.L14
 108:Core/Src/Init.c ****     CLEAR_BIT(RCC->CR, RCC_CR_HSEBYP);
 429              		.loc 1 108 5 is_stmt 1 view .LVU110
 430 0060 264B     		ldr	r3, .L17
 431 0062 1A68     		ldr	r2, [r3]
 432 0064 22F48022 		bic	r2, r2, #262144
 433 0068 1A60     		str	r2, [r3]
 109:Core/Src/Init.c ****     SET_BIT(RCC->CR, RCC_CR_CSSON);
 434              		.loc 1 109 5 view .LVU111
 435 006a 1A68     		ldr	r2, [r3]
 436 006c 42F40022 		orr	r2, r2, #524288
 437 0070 1A60     		str	r2, [r3]
 110:Core/Src/Init.c **** 
 111:Core/Src/Init.c ****     // tuning the PLL values to get 48 MHz on SYSCLK
 112:Core/Src/Init.c ****     SET_BIT(RCC->CFGR, RCC_CFGR_PLLSRC); // using the HSE crystal
 438              		.loc 1 112 5 view .LVU112
 439 0072 5A68     		ldr	r2, [r3, #4]
 440 0074 42F48032 		orr	r2, r2, #65536
 441 0078 5A60     		str	r2, [r3, #4]
 113:Core/Src/Init.c ****     SET_BIT(RCC->CFGR, RCC_CFGR_PLLXTPRE_HSE_DIV2); // divide it by 2
 442              		.loc 1 113 5 view .LVU113
 443 007a 5A68     		ldr	r2, [r3, #4]
 444 007c 42F40032 		orr	r2, r2, #131072
ARM GAS  C:\Users\pablo\AppData\Local\Temp\cciILD4s.s 			page 41


 445 0080 5A60     		str	r2, [r3, #4]
 114:Core/Src/Init.c ****     // multiplying the HSE frequency. 4x12 = 48MHz
 115:Core/Src/Init.c ****     MODIFY_REG(RCC->CFGR, RCC_CFGR_PLLMULL, RCC_CFGR_PLLMULL12); 
 446              		.loc 1 115 5 view .LVU114
 447 0082 5A68     		ldr	r2, [r3, #4]
 448 0084 22F47012 		bic	r2, r2, #3932160
 449 0088 42F42012 		orr	r2, r2, #2621440
 450 008c 5A60     		str	r2, [r3, #4]
 116:Core/Src/Init.c **** 
 117:Core/Src/Init.c ****     SET_BIT(RCC->CR, RCC_CR_PLLON); // turn on the PLL
 451              		.loc 1 117 5 view .LVU115
 452 008e 1A68     		ldr	r2, [r3]
 453 0090 42F08072 		orr	r2, r2, #16777216
 454 0094 1A60     		str	r2, [r3]
 118:Core/Src/Init.c ****     while(READ_BIT(RCC->CR, RCC_CR_PLLRDY) == RESET); // check if PLL is working   
 455              		.loc 1 118 5 view .LVU116
 456              	.L15:
 457              		.loc 1 118 44 discriminator 1 view .LVU117
 458              		.loc 1 118 11 is_stmt 0 discriminator 1 view .LVU118
 459 0096 194B     		ldr	r3, .L17
 460 0098 1B68     		ldr	r3, [r3]
 461              		.loc 1 118 44 discriminator 1 view .LVU119
 462 009a 13F0007F 		tst	r3, #33554432
 463 009e FAD0     		beq	.L15
 119:Core/Src/Init.c **** 
 120:Core/Src/Init.c **** 
 121:Core/Src/Init.c ****     MODIFY_REG(RCC->CFGR, RCC_CFGR_SW, RCC_CFGR_SW_PLL); // making SYSCLK feed from PLL
 464              		.loc 1 121 5 is_stmt 1 view .LVU120
 465 00a0 164A     		ldr	r2, .L17
 466 00a2 5368     		ldr	r3, [r2, #4]
 467 00a4 23F00303 		bic	r3, r3, #3
 468 00a8 43F00203 		orr	r3, r3, #2
 469 00ac 5360     		str	r3, [r2, #4]
 122:Core/Src/Init.c ****     while(READ_BIT(RCC->CFGR, RCC_CFGR_SWS) != RCC_CFGR_SWS_PLL);
 470              		.loc 1 122 5 view .LVU121
 471              	.L16:
 472              		.loc 1 122 45 discriminator 1 view .LVU122
 473              		.loc 1 122 11 is_stmt 0 discriminator 1 view .LVU123
 474 00ae 134B     		ldr	r3, .L17
 475 00b0 5B68     		ldr	r3, [r3, #4]
 476 00b2 03F00C03 		and	r3, r3, #12
 477              		.loc 1 122 45 discriminator 1 view .LVU124
 478 00b6 082B     		cmp	r3, #8
 479 00b8 F9D1     		bne	.L16
 123:Core/Src/Init.c **** 
 124:Core/Src/Init.c ****     MODIFY_REG(RCC->CFGR, RCC_CFGR_HPRE, RCC_CFGR_HPRE_DIV1); // AHB prescaler = 1
 480              		.loc 1 124 5 is_stmt 1 view .LVU125
 481 00ba 104B     		ldr	r3, .L17
 482 00bc 5A68     		ldr	r2, [r3, #4]
 483 00be 22F0F002 		bic	r2, r2, #240
 484 00c2 5A60     		str	r2, [r3, #4]
 125:Core/Src/Init.c ****     MODIFY_REG(RCC->CFGR, RCC_CFGR_PPRE1, RCC_CFGR_PPRE1_DIV2); // APB1 prescaler = 2
 485              		.loc 1 125 5 view .LVU126
 486 00c4 5A68     		ldr	r2, [r3, #4]
 487 00c6 22F4E062 		bic	r2, r2, #1792
 488 00ca 42F48062 		orr	r2, r2, #1024
 489 00ce 5A60     		str	r2, [r3, #4]
ARM GAS  C:\Users\pablo\AppData\Local\Temp\cciILD4s.s 			page 42


 126:Core/Src/Init.c ****     MODIFY_REG(RCC->CFGR, RCC_CFGR_PPRE2, RCC_CFGR_PPRE2_DIV1); // APB2 prescaler = 1
 490              		.loc 1 126 5 view .LVU127
 491 00d0 5A68     		ldr	r2, [r3, #4]
 492 00d2 22F46052 		bic	r2, r2, #14336
 493 00d6 5A60     		str	r2, [r3, #4]
 127:Core/Src/Init.c ****     MODIFY_REG(RCC->CFGR, RCC_CFGR_ADCPRE, RCC_CFGR_ADCPRE_DIV4); // ADC prescaler = 4
 494              		.loc 1 127 5 view .LVU128
 495 00d8 5A68     		ldr	r2, [r3, #4]
 496 00da 22F44042 		bic	r2, r2, #49152
 497 00de 42F48042 		orr	r2, r2, #16384
 498 00e2 5A60     		str	r2, [r3, #4]
 128:Core/Src/Init.c ****     // make an output pin to see the clock. Source PLL/2
 129:Core/Src/Init.c ****     MODIFY_REG(RCC->CFGR, RCC_CFGR_MCO, RCC_CFGR_MCO_PLLCLK_DIV2); 
 499              		.loc 1 129 5 view .LVU129
 500 00e4 5A68     		ldr	r2, [r3, #4]
 501 00e6 42F0E062 		orr	r2, r2, #117440512
 502 00ea 5A60     		str	r2, [r3, #4]
 130:Core/Src/Init.c ****     
 131:Core/Src/Init.c ****     // adding a wait state to read from memory
 132:Core/Src/Init.c ****     MODIFY_REG(FLASH->ACR, FLASH_ACR_LATENCY, FLASH_ACR_LATENCY_1);
 503              		.loc 1 132 5 view .LVU130
 504 00ec 044A     		ldr	r2, .L17+4
 505 00ee 1368     		ldr	r3, [r2]
 506 00f0 23F00703 		bic	r3, r3, #7
 507 00f4 43F00203 		orr	r3, r3, #2
 508 00f8 1360     		str	r3, [r2]
 133:Core/Src/Init.c **** 
 134:Core/Src/Init.c ****     // NVIC_EnableIRQ();
 135:Core/Src/Init.c ****     // NVIC_SetPriority();
 136:Core/Src/Init.c **** }   
 509              		.loc 1 136 1 is_stmt 0 view .LVU131
 510 00fa 7047     		bx	lr
 511              	.L18:
 512              		.align	2
 513              	.L17:
 514 00fc 00100240 		.word	1073876992
 515 0100 00200240 		.word	1073881088
 516              		.cfi_endproc
 517              	.LFE67:
 519              		.section	.text.GPIO_init,"ax",%progbits
 520              		.align	1
 521              		.global	GPIO_init
 522              		.syntax unified
 523              		.thumb
 524              		.thumb_func
 526              	GPIO_init:
 527              	.LFB68:
 137:Core/Src/Init.c **** 
 138:Core/Src/Init.c **** void GPIO_init(void){
 528              		.loc 1 138 21 is_stmt 1 view -0
 529              		.cfi_startproc
 530              		@ args = 0, pretend = 0, frame = 0
 531              		@ frame_needed = 0, uses_anonymous_args = 0
 532              		@ link register save eliminated.
 139:Core/Src/Init.c ****     // setting the RCC ticks for the A group
 140:Core/Src/Init.c ****     SET_BIT(RCC->APB2ENR, RCC_APB2ENR_IOPAEN); // cmsis way
 533              		.loc 1 140 5 view .LVU133
ARM GAS  C:\Users\pablo\AppData\Local\Temp\cciILD4s.s 			page 43


 534 0000 4749     		ldr	r1, .L20
 535 0002 8B69     		ldr	r3, [r1, #24]
 536 0004 43F00403 		orr	r3, r3, #4
 537 0008 8B61     		str	r3, [r1, #24]
 141:Core/Src/Init.c **** 
 142:Core/Src/Init.c ****     // setting the pin A8 at max speed push pull open drain
 143:Core/Src/Init.c ****     CLEAR_BIT(GPIOA->CRH, GPIO_CRH_CNF8 | GPIO_CRH_MODE8);
 538              		.loc 1 143 5 view .LVU134
 539 000a 464B     		ldr	r3, .L20+4
 540 000c 5A68     		ldr	r2, [r3, #4]
 541 000e 22F00F02 		bic	r2, r2, #15
 542 0012 5A60     		str	r2, [r3, #4]
 144:Core/Src/Init.c ****     SET_BIT(GPIOA->CRH, GPIO_CRH_MODE8 | GPIO_CRH_CNF8_1);
 543              		.loc 1 144 5 view .LVU135
 544 0014 5A68     		ldr	r2, [r3, #4]
 545 0016 42F00B02 		orr	r2, r2, #11
 546 001a 5A60     		str	r2, [r3, #4]
 145:Core/Src/Init.c **** 
 146:Core/Src/Init.c ****     // configurating the pins A0, A1, and A2 to output pp 10 mhz
 147:Core/Src/Init.c **** 
 148:Core/Src/Init.c ****     // A0
 149:Core/Src/Init.c ****     // clearing the bits for the MODE register and seeting output 10mhz
 150:Core/Src/Init.c ****     MODIFY_REG(GPIOA->CRL, GPIO_CRL_MODE0, GPIO_CRL_MODE0_0);
 547              		.loc 1 150 5 view .LVU136
 548 001c 1A68     		ldr	r2, [r3]
 549 001e 22F00302 		bic	r2, r2, #3
 550 0022 42F00102 		orr	r2, r2, #1
 551 0026 1A60     		str	r2, [r3]
 151:Core/Src/Init.c ****     // general purpose output push pull is the reset state
 152:Core/Src/Init.c ****     CLEAR_BIT(GPIOA->CRL, GPIO_CRL_CNF0);
 552              		.loc 1 152 5 view .LVU137
 553 0028 1A68     		ldr	r2, [r3]
 554 002a 22F00C02 		bic	r2, r2, #12
 555 002e 1A60     		str	r2, [r3]
 153:Core/Src/Init.c **** 
 154:Core/Src/Init.c ****     // A1
 155:Core/Src/Init.c ****     // clearing the bits for the MODE register and seeting output 10mhz
 156:Core/Src/Init.c ****     MODIFY_REG(GPIOA->CRL, GPIO_CRL_MODE1, GPIO_CRL_MODE1_0);
 556              		.loc 1 156 5 view .LVU138
 557 0030 1A68     		ldr	r2, [r3]
 558 0032 22F03002 		bic	r2, r2, #48
 559 0036 42F01002 		orr	r2, r2, #16
 560 003a 1A60     		str	r2, [r3]
 157:Core/Src/Init.c ****     // general purpose output push pull is the reset state
 158:Core/Src/Init.c ****     CLEAR_BIT(GPIOA->CRL, GPIO_CRL_CNF1);
 561              		.loc 1 158 5 view .LVU139
 562 003c 1A68     		ldr	r2, [r3]
 563 003e 22F0C002 		bic	r2, r2, #192
 564 0042 1A60     		str	r2, [r3]
 159:Core/Src/Init.c ****     
 160:Core/Src/Init.c ****     // A2
 161:Core/Src/Init.c ****     // clearing the bits for the MODE register and seeting output 10mhz
 162:Core/Src/Init.c ****     MODIFY_REG(GPIOA->CRL, GPIO_CRL_MODE2, GPIO_CRL_MODE2_0);
 565              		.loc 1 162 5 view .LVU140
 566 0044 1A68     		ldr	r2, [r3]
 567 0046 22F44072 		bic	r2, r2, #768
 568 004a 42F48072 		orr	r2, r2, #256
ARM GAS  C:\Users\pablo\AppData\Local\Temp\cciILD4s.s 			page 44


 569 004e 1A60     		str	r2, [r3]
 163:Core/Src/Init.c ****     // general purpose output push pull is the reset state
 164:Core/Src/Init.c ****     CLEAR_BIT(GPIOA->CRL, GPIO_CRL_CNF2);
 570              		.loc 1 164 5 view .LVU141
 571 0050 1A68     		ldr	r2, [r3]
 572 0052 22F44062 		bic	r2, r2, #3072
 573 0056 1A60     		str	r2, [r3]
 165:Core/Src/Init.c **** 
 166:Core/Src/Init.c ****     // A5
 167:Core/Src/Init.c ****     // clearing the bits for the MODE register and seeting output 10mhz
 168:Core/Src/Init.c ****     MODIFY_REG(GPIOA->CRL, GPIO_CRL_MODE5, GPIO_CRL_MODE5_0);
 574              		.loc 1 168 5 view .LVU142
 575 0058 1A68     		ldr	r2, [r3]
 576 005a 22F44012 		bic	r2, r2, #3145728
 577 005e 42F48012 		orr	r2, r2, #1048576
 578 0062 1A60     		str	r2, [r3]
 169:Core/Src/Init.c ****     // general purpose output push pull is the reset state
 170:Core/Src/Init.c ****     CLEAR_BIT(GPIOA->CRL, GPIO_CRL_CNF5);
 579              		.loc 1 170 5 view .LVU143
 580 0064 1A68     		ldr	r2, [r3]
 581 0066 22F44002 		bic	r2, r2, #12582912
 582 006a 1A60     		str	r2, [r3]
 171:Core/Src/Init.c **** 
 172:Core/Src/Init.c ****     // A6
 173:Core/Src/Init.c ****     // clearing the bits for the MODE register and seeting output 10mhz
 174:Core/Src/Init.c ****     MODIFY_REG(GPIOA->CRL, GPIO_CRL_MODE6, GPIO_CRL_MODE6_0);
 583              		.loc 1 174 5 view .LVU144
 584 006c 1A68     		ldr	r2, [r3]
 585 006e 22F04072 		bic	r2, r2, #50331648
 586 0072 42F08072 		orr	r2, r2, #16777216
 587 0076 1A60     		str	r2, [r3]
 175:Core/Src/Init.c ****     // general purpose output push pull is the reset state
 176:Core/Src/Init.c ****     CLEAR_BIT(GPIOA->CRL, GPIO_CRL_CNF6);
 588              		.loc 1 176 5 view .LVU145
 589 0078 1A68     		ldr	r2, [r3]
 590 007a 22F04062 		bic	r2, r2, #201326592
 591 007e 1A60     		str	r2, [r3]
 177:Core/Src/Init.c ****     
 178:Core/Src/Init.c ****     // A7
 179:Core/Src/Init.c ****     // clearing the bits for the MODE register and seeting output 10mhz
 180:Core/Src/Init.c ****     MODIFY_REG(GPIOA->CRL, GPIO_CRL_MODE7, GPIO_CRL_MODE7_0);
 592              		.loc 1 180 5 view .LVU146
 593 0080 1A68     		ldr	r2, [r3]
 594 0082 22F04052 		bic	r2, r2, #805306368
 595 0086 42F08052 		orr	r2, r2, #268435456
 596 008a 1A60     		str	r2, [r3]
 181:Core/Src/Init.c ****     // general purpose output push pull is the reset state
 182:Core/Src/Init.c ****     CLEAR_BIT(GPIOA->CRL, GPIO_CRL_CNF7);
 597              		.loc 1 182 5 view .LVU147
 598 008c 1A68     		ldr	r2, [r3]
 599 008e 22F04042 		bic	r2, r2, #-1073741824
 600 0092 1A60     		str	r2, [r3]
 183:Core/Src/Init.c **** 
 184:Core/Src/Init.c ****     // configuring Inputs
 185:Core/Src/Init.c **** 
 186:Core/Src/Init.c ****     // setting the RCC ticks for the B group
 187:Core/Src/Init.c ****     SET_BIT(RCC->APB2ENR, RCC_APB2ENR_IOPBEN); // cmsis way
ARM GAS  C:\Users\pablo\AppData\Local\Temp\cciILD4s.s 			page 45


 601              		.loc 1 187 5 view .LVU148
 602 0094 8B69     		ldr	r3, [r1, #24]
 603 0096 43F00803 		orr	r3, r3, #8
 604 009a 8B61     		str	r3, [r1, #24]
 188:Core/Src/Init.c **** 
 189:Core/Src/Init.c ****     // making B3 an input pull down
 190:Core/Src/Init.c ****     // clearing the bits
 191:Core/Src/Init.c ****     CLEAR_BIT(GPIOB->CRL, GPIO_CRL_CNF3); // cnf bit
 605              		.loc 1 191 5 view .LVU149
 606 009c 224B     		ldr	r3, .L20+8
 607 009e 1A68     		ldr	r2, [r3]
 608 00a0 22F44042 		bic	r2, r2, #49152
 609 00a4 1A60     		str	r2, [r3]
 192:Core/Src/Init.c ****     CLEAR_BIT(GPIOB->CRL, GPIO_CRL_MODE3); // mode bit
 610              		.loc 1 192 5 view .LVU150
 611 00a6 1A68     		ldr	r2, [r3]
 612 00a8 22F44052 		bic	r2, r2, #12288
 613 00ac 1A60     		str	r2, [r3]
 193:Core/Src/Init.c ****     // making the button an input pullup/pulldown
 194:Core/Src/Init.c ****     SET_BIT(GPIOB->CRL, GPIO_CRL_CNF3_1);
 614              		.loc 1 194 5 view .LVU151
 615 00ae 1A68     		ldr	r2, [r3]
 616 00b0 42F40042 		orr	r2, r2, #32768
 617 00b4 1A60     		str	r2, [r3]
 195:Core/Src/Init.c ****     // selecting pull down
 196:Core/Src/Init.c ****     CLEAR_BIT(GPIOB->ODR, GPIO_ODR_ODR3);
 618              		.loc 1 196 5 view .LVU152
 619 00b6 DA68     		ldr	r2, [r3, #12]
 620 00b8 22F00802 		bic	r2, r2, #8
 621 00bc DA60     		str	r2, [r3, #12]
 197:Core/Src/Init.c **** 
 198:Core/Src/Init.c ****     // making B5 an input pull down
 199:Core/Src/Init.c ****     // clearing the bits
 200:Core/Src/Init.c ****     CLEAR_BIT(GPIOB->CRL, GPIO_CRL_CNF5); // cnf bit
 622              		.loc 1 200 5 view .LVU153
 623 00be 1A68     		ldr	r2, [r3]
 624 00c0 22F44002 		bic	r2, r2, #12582912
 625 00c4 1A60     		str	r2, [r3]
 201:Core/Src/Init.c ****     CLEAR_BIT(GPIOB->CRL, GPIO_CRL_MODE5); // mode bit
 626              		.loc 1 201 5 view .LVU154
 627 00c6 1A68     		ldr	r2, [r3]
 628 00c8 22F44012 		bic	r2, r2, #3145728
 629 00cc 1A60     		str	r2, [r3]
 202:Core/Src/Init.c ****     // making the button an input pullup/pulldown
 203:Core/Src/Init.c ****     SET_BIT(GPIOB->CRL, GPIO_CRL_CNF5_1);
 630              		.loc 1 203 5 view .LVU155
 631 00ce 1A68     		ldr	r2, [r3]
 632 00d0 42F40002 		orr	r2, r2, #8388608
 633 00d4 1A60     		str	r2, [r3]
 204:Core/Src/Init.c ****     // selecting pull down
 205:Core/Src/Init.c ****     CLEAR_BIT(GPIOB->ODR, GPIO_ODR_ODR5);
 634              		.loc 1 205 5 view .LVU156
 635 00d6 DA68     		ldr	r2, [r3, #12]
 636 00d8 22F02002 		bic	r2, r2, #32
 637 00dc DA60     		str	r2, [r3, #12]
 206:Core/Src/Init.c **** 
 207:Core/Src/Init.c ****     // making B7 an input pull down
ARM GAS  C:\Users\pablo\AppData\Local\Temp\cciILD4s.s 			page 46


 208:Core/Src/Init.c ****     // clearing the bits
 209:Core/Src/Init.c ****     CLEAR_BIT(GPIOB->CRL, GPIO_CRL_CNF7); // cnf bit
 638              		.loc 1 209 5 view .LVU157
 639 00de 1A68     		ldr	r2, [r3]
 640 00e0 22F04042 		bic	r2, r2, #-1073741824
 641 00e4 1A60     		str	r2, [r3]
 210:Core/Src/Init.c ****     CLEAR_BIT(GPIOB->CRL, GPIO_CRL_MODE7); // mode bit
 642              		.loc 1 210 5 view .LVU158
 643 00e6 1A68     		ldr	r2, [r3]
 644 00e8 22F04052 		bic	r2, r2, #805306368
 645 00ec 1A60     		str	r2, [r3]
 211:Core/Src/Init.c ****     // making the button an input pullup/pulldown
 212:Core/Src/Init.c ****     SET_BIT(GPIOB->CRL, GPIO_CRL_CNF7_1);
 646              		.loc 1 212 5 view .LVU159
 647 00ee 1A68     		ldr	r2, [r3]
 648 00f0 42F00042 		orr	r2, r2, #-2147483648
 649 00f4 1A60     		str	r2, [r3]
 213:Core/Src/Init.c ****     // selecting pull down
 214:Core/Src/Init.c ****     CLEAR_BIT(GPIOB->ODR, GPIO_ODR_ODR7);
 650              		.loc 1 214 5 view .LVU160
 651 00f6 DA68     		ldr	r2, [r3, #12]
 652 00f8 22F08002 		bic	r2, r2, #128
 653 00fc DA60     		str	r2, [r3, #12]
 215:Core/Src/Init.c **** 
 216:Core/Src/Init.c ****     // making B9 an input pull down
 217:Core/Src/Init.c ****     // clearing the bits
 218:Core/Src/Init.c ****     CLEAR_BIT(GPIOB->CRH, GPIO_CRH_CNF9); // cnf bit
 654              		.loc 1 218 5 view .LVU161
 655 00fe 5A68     		ldr	r2, [r3, #4]
 656 0100 22F0C002 		bic	r2, r2, #192
 657 0104 5A60     		str	r2, [r3, #4]
 219:Core/Src/Init.c ****     CLEAR_BIT(GPIOB->CRH, GPIO_CRH_MODE9); // mode bit
 658              		.loc 1 219 5 view .LVU162
 659 0106 5A68     		ldr	r2, [r3, #4]
 660 0108 22F03002 		bic	r2, r2, #48
 661 010c 5A60     		str	r2, [r3, #4]
 220:Core/Src/Init.c ****     // making the button an input pullup/pulldown
 221:Core/Src/Init.c ****     SET_BIT(GPIOB->CRH, GPIO_CRH_CNF9_1);
 662              		.loc 1 221 5 view .LVU163
 663 010e 5A68     		ldr	r2, [r3, #4]
 664 0110 42F08002 		orr	r2, r2, #128
 665 0114 5A60     		str	r2, [r3, #4]
 222:Core/Src/Init.c ****     // selecting pull down
 223:Core/Src/Init.c ****     CLEAR_BIT(GPIOB->ODR, GPIO_ODR_ODR9);
 666              		.loc 1 223 5 view .LVU164
 667 0116 DA68     		ldr	r2, [r3, #12]
 668 0118 22F40072 		bic	r2, r2, #512
 669 011c DA60     		str	r2, [r3, #12]
 224:Core/Src/Init.c **** }
 670              		.loc 1 224 1 is_stmt 0 view .LVU165
 671 011e 7047     		bx	lr
 672              	.L21:
 673              		.align	2
 674              	.L20:
 675 0120 00100240 		.word	1073876992
 676 0124 00080140 		.word	1073809408
 677 0128 000C0140 		.word	1073810432
ARM GAS  C:\Users\pablo\AppData\Local\Temp\cciILD4s.s 			page 47


 678              		.cfi_endproc
 679              	.LFE68:
 681              		.text
 682              	.Letext0:
 683              		.file 3 "CMSIS/Devices/STM32F1xx/Inc/STM32f103xB/stm32f103xb.h"
 684              		.file 4 "C:/SysGCC/arm-eabi/arm-none-eabi/include/machine/_default_types.h"
 685              		.file 5 "C:/SysGCC/arm-eabi/arm-none-eabi/include/sys/_stdint.h"
 686              		.file 6 "CMSIS/Include/../../CMSIS/Devices/STM32F1xx/Inc/stm32f1xx.h"
ARM GAS  C:\Users\pablo\AppData\Local\Temp\cciILD4s.s 			page 48


DEFINED SYMBOLS
                            *ABS*:00000000 Init.c
C:\Users\pablo\AppData\Local\Temp\cciILD4s.s:19     .text.NVIC_EncodePriority:00000000 $t
C:\Users\pablo\AppData\Local\Temp\cciILD4s.s:24     .text.NVIC_EncodePriority:00000000 NVIC_EncodePriority
C:\Users\pablo\AppData\Local\Temp\cciILD4s.s:87     .text.SysTick_init:00000000 $t
C:\Users\pablo\AppData\Local\Temp\cciILD4s.s:93     .text.SysTick_init:00000000 SysTick_init
C:\Users\pablo\AppData\Local\Temp\cciILD4s.s:134    .text.ITR_init:00000000 $t
C:\Users\pablo\AppData\Local\Temp\cciILD4s.s:140    .text.ITR_init:00000000 ITR_init
C:\Users\pablo\AppData\Local\Temp\cciILD4s.s:343    .text.ITR_init:000000f0 $d
C:\Users\pablo\AppData\Local\Temp\cciILD4s.s:352    .text.RCC_init:00000000 $t
C:\Users\pablo\AppData\Local\Temp\cciILD4s.s:358    .text.RCC_init:00000000 RCC_init
C:\Users\pablo\AppData\Local\Temp\cciILD4s.s:514    .text.RCC_init:000000fc $d
C:\Users\pablo\AppData\Local\Temp\cciILD4s.s:520    .text.GPIO_init:00000000 $t
C:\Users\pablo\AppData\Local\Temp\cciILD4s.s:526    .text.GPIO_init:00000000 GPIO_init
C:\Users\pablo\AppData\Local\Temp\cciILD4s.s:675    .text.GPIO_init:00000120 $d

NO UNDEFINED SYMBOLS
